-- phpMyAdmin SQL Dump
-- version 4.7.4
-- https://www.phpmyadmin.net/
--
-- Host: 127.0.0.1
-- Generation Time: Nov 08, 2019 at 09:08 PM
-- Server version: 10.1.29-MariaDB
-- PHP Version: 7.0.26

SET SQL_MODE = "NO_AUTO_VALUE_ON_ZERO";
SET AUTOCOMMIT = 0;
START TRANSACTION;
SET time_zone = "+00:00";


/*!40101 SET @OLD_CHARACTER_SET_CLIENT=@@CHARACTER_SET_CLIENT */;
/*!40101 SET @OLD_CHARACTER_SET_RESULTS=@@CHARACTER_SET_RESULTS */;
/*!40101 SET @OLD_COLLATION_CONNECTION=@@COLLATION_CONNECTION */;
/*!40101 SET NAMES utf8mb4 */;

--
-- Database: `price_comparison`
--

-- --------------------------------------------------------

--
-- Table structure for table `format`
--

CREATE TABLE `format` (
  `id` int(11) NOT NULL,
  `name` varchar(100) NOT NULL
) ENGINE=InnoDB DEFAULT CHARSET=latin1;

--
-- Dumping data for table `format`
--

INSERT INTO `format` (`id`, `name`) VALUES
(1, 'PS4'),
(2, 'XBOX ONE');

-- --------------------------------------------------------

--
-- Table structure for table `product`
--

CREATE TABLE `product` (
  `id` int(11) NOT NULL,
  `name` varchar(200) NOT NULL
) ENGINE=InnoDB DEFAULT CHARSET=latin1;

--
-- Dumping data for table `product`
--

INSERT INTO `product` (`id`, `name`) VALUES
(1, 'Call of Duty: Black Ops 4'),
(2, 'Just Cause 4'),
(3, 'Spider-Man'),
(4, 'Kingdom Come Deliverance'),
(5, 'Lego DC Super Villains'),
(6, 'Battlefield V'),
(7, 'Red Dead Redemption 2 '),
(8, 'Fifa 19'),
(9, 'Shadow of the Tomb Raider '),
(10, 'Kingdom Hearts 3'),
(11, 'Assassin\'s Creed Odyssey'),
(12, 'Horizon Zero Dawn Complete Edition'),
(13, 'Shadow of the Colossus'),
(14, 'Spyro Trilogy Reignited'),
(15, 'Player Unknown\'s Battlegrounds'),
(16, 'Madden NFL 19'),
(17, 'Hitman 2'),
(18, 'The Last of Us Remastered HITS Range'),
(19, 'SEGA Mega Drive Classics'),
(20, 'LEGO The Incredibles'),
(21, 'HITMAN: Definitive Edition'),
(22, 'Doom'),
(23, 'Ride 2'),
(24, 'Black Clover Quartet Knights'),
(25, 'Just Dance 2019'),
(26, 'EA Sports UFC 3'),
(27, 'Resident Evil 2'),
(28, 'The Long Dark'),
(29, 'Need for Speed: Payback'),
(30, 'TT Isle of Man'),
(31, 'Persona 5'),
(32, 'Mass Effect Andromeda'),
(33, 'Jurassic World Evolution'),
(34, 'Crash Team Racing'),
(35, 'Slime Rancher'),
(36, 'Dying Light: The Following'),
(37, 'Cars 3 Driven to Win'),
(38, 'The Sims 4'),
(39, 'Pro Evolution Soccer 2019'),
(40, 'WWE 2K19'),
(41, 'Firewall Zero Hour '),
(42, 'Astro Bot Playstation VR Game'),
(43, 'Far Cry 5'),
(44, 'Ni no Kuni II: Revenant Kingdom'),
(45, 'Hellblade: Senua\'s Sacrifice'),
(46, 'Anthem '),
(47, 'Persona 5 Dancing in Starlight'),
(48, 'Monster Hunter: World'),
(49, 'The Evil Within 2'),
(50, 'Lego The Ninjago Movie: Videogame'),
(51, 'Dragon Quest XI: Echoes of an Elusive Age'),
(52, 'Farming Simulator 19'),
(53, 'Divinity Original Sin 2 Definitive Edition'),
(54, 'We Happy Few'),
(55, 'Ashes Cricket'),
(56, 'Middle Earth Shadow of Mordor HITS Range'),
(57, 'Call of Duty: WWII'),
(58, 'Nier: Automata'),
(59, 'Uncharted: The Lost Legacy'),
(60, 'LEGO Marvel Super Heroes 2'),
(61, 'Yakuza 6: The Song of Life'),
(62, 'Darksiders 3'),
(63, 'Dark Souls Remastered'),
(64, 'Detroit: Become Human'),
(65, 'Kingdom Hearts HD 2.8 Final Chapter Prologue'),
(66, 'Fallout 76'),
(67, 'LEGO City Undercover'),
(68, 'Call of Cthulhu'),
(69, 'Rayman Legends Playstation HITS Range'),
(70, 'Lego Batman 3 Beyond Gotham'),
(71, 'Tekken 7'),
(72, 'Fortnite Deep Freeze Bundle'),
(73, 'Zone of the Enders 2nd Runner Mars '),
(74, 'Until Dawn HITS Range'),
(75, 'The Crew 2'),
(76, 'Middle Earth Shadow Of War'),
(77, 'Star Wars: Battlefront II'),
(78, 'TALES OF VESPERIA: Definitive Edition'),
(79, 'Uncharted 4'),
(80, 'Minecraft'),
(81, 'Sniper Elite 4'),
(82, 'Rise of the Tomb Raider 20 Year Celebration'),
(83, 'LEGO Marvel Super Heroes'),
(84, 'Knowledge Is Power'),
(85, 'Days Gone'),
(86, 'Prey'),
(87, 'Ace Combat 7: Skies Unknown '),
(88, 'A.O.T 2 (Attack on Titan)'),
(89, 'Trials Rising: Gold Edition'),
(90, 'The Witcher 3: Wild Hunt Game of the Year Edition'),
(91, 'Lego Marvel Avengers'),
(92, 'Watch Dogs 2'),
(93, 'Fallout 4'),
(94, 'Tom Clancy\'s The Division 2 Dark Zone Collector\'s Edition'),
(95, 'The Lego Movie Video Game'),
(96, 'Anthem Legion Of Dawn Edition'),
(97, 'Project CARS 2'),
(98, 'Adventure Time: Pirates of the Enchiridion'),
(99, 'Gravel'),
(100, 'Shining Resonance Refrain'),
(101, 'Pinball Arcade Season 2'),
(102, 'Turtle Beach Recon Chat Black Headset'),
(103, 'Beast Quest'),
(104, 'Valkyria Chronicles 4 Launch Edition'),
(105, 'Frantics'),
(106, 'The Elder Scrolls Online: Summerset'),
(107, 'New Gundam Breaker'),
(108, 'Dakar 18'),
(109, 'Hero Defense'),
(110, 'Sword Art Online: Fatal Bullet'),
(111, 'Metro Exodus'),
(112, 'The Banner Saga Trilogy Bonus Edition'),
(113, 'Wolfenstein: Youngblood'),
(114, 'Tennis World Tour'),
(115, 'Hotel Transylvania 3: Monsters Overboard'),
(116, 'Dying Light 2'),
(117, 'MotoGP 18'),
(118, 'Assassin\'s Creed Odyssey: Gold Edition'),
(119, 'Warriors Orochi 4'),
(120, 'Fist of the North Star Lost Paradise'),
(121, 'Valkyria Chronicles 4 Memoirs from Battle Edition'),
(122, 'Dead or Alive 6'),
(123, 'Team Sonic Racing'),
(124, 'Dragonball Xenoverse Hits Range'),
(125, 'Rage 2'),
(126, 'NBA 2K19'),
(127, 'Tropico 6'),
(128, 'Starlink: Battle for Atlas'),
(129, 'Plants Vs Zombies Garden Warfare'),
(130, 'Final Fantasy XII The Zodiac Age'),
(131, 'The Occupation'),
(132, 'Assassins Creed IV Black Flag Playstation HITS Range'),
(133, 'Overwatch Origins Edition'),
(134, 'Knack 2'),
(135, 'Worms W.M.D'),
(136, 'V Rally 4'),
(137, 'Far Cry 4'),
(138, 'Rugby League Live 4'),
(139, 'Resident Evil 6'),
(140, '8 To Glory'),
(141, 'Terraria'),
(142, 'LEGO Star Wars The Force Awakens'),
(143, 'The Last of Us Remastered'),
(144, 'Cities Skyline'),
(145, 'Trailblazers'),
(146, 'Lego Jurassic World'),
(147, 'The Pinball Arcade'),
(148, 'Atari Flashback Classics'),
(149, 'Naruto Shippuden Ultimate Ninja Storm 4 HITS'),
(150, '428: Shibuya Scramble'),
(151, 'Rocket League'),
(152, 'Street Fighter V'),
(153, 'Professional Farmer 2017 GOLD Edition'),
(154, 'Ghostbusters'),
(155, 'Plants Vs Zombies Garden Warfare 2'),
(156, 'RIGS: Mechanized Combat League '),
(157, 'ChimParty Playlink Game'),
(158, 'Mortal Kombat X HITS Range'),
(159, 'Dishonored 2'),
(160, 'Assassins Creed IV Black Flag'),
(161, 'The Dark Pictures Man of Medan'),
(162, 'Strange Brigade Collector\'s Edition'),
(163, 'Hitman: The Complete First Season'),
(164, 'Marvel Vs Capcom Infinite'),
(165, 'The Order 1886'),
(166, 'DriveClub '),
(167, 'Project Highrise Architect\'s Edition'),
(168, 'South Park The Fractured But Whole'),
(169, 'Final Fantasy XV (15) Day One Edition'),
(170, 'NBA 2K18'),
(171, 'Gravity Rush 2'),
(172, 'The Hunter Call of the Wild 2019 Edition'),
(173, 'Killzone Shadow Fall HITS Range'),
(174, 'NBA Live 18 with Pre Order Bonus'),
(175, 'Bravo Team '),
(176, 'Space Hulk Death Wing Enhanced Edition'),
(177, 'Hidden Agenda'),
(178, 'Gundam Versus'),
(179, 'Gran Turismo Sport (GT Sport)'),
(180, 'Street Fighter V Arcade Edition'),
(181, 'WWE 2K18'),
(182, 'Overwatch'),
(183, 'Monster Energy Supercross: FIM World Championship'),
(184, 'Rugby 18'),
(185, 'Super Hot '),
(186, 'Transference'),
(187, 'Assetto Corsa Ultimate Edition'),
(188, 'Shenmue 3'),
(189, 'Conan Exiles: Collectors Edition'),
(190, 'Immortal: Unchained '),
(191, 'Euro Fishing Sim Collectors Edition'),
(192, 'Dynasty Warriors 9'),
(193, 'Agony'),
(194, 'One Piece: World Seeker'),
(195, 'Dragon Crown Pro'),
(196, 'Darkest Dungeon: Ancestral Edition'),
(197, 'The Last of Us Part 2'),
(198, 'Life is Strange: Before the Storm'),
(199, 'The Quiet Man'),
(200, 'Jump Force Inc Pre Order Bonus '),
(201, 'Tennis World Tour Legends Edition'),
(202, 'Cyberpunk 2077'),
(203, 'The Crew 2 Gold Edition'),
(204, 'MXGP Pro'),
(205, 'Far Cry 3'),
(206, 'Overcooked 2'),
(207, 'Project Cars Hits Range'),
(208, 'Super Bomberman R Shiny Edition'),
(209, 'Tom Clancy\'s The Division 2'),
(210, 'Wreckfest'),
(211, 'Tomb Raider Definitive Edition'),
(212, 'MXGP'),
(213, 'Devil May Cry 5'),
(214, 'Pillars of Eternity II : Deadfire'),
(215, 'Far Cry Primal'),
(216, 'Homefront The Revolution'),
(217, 'Code Vein'),
(218, 'Dragonball Xenoverse 2'),
(219, 'Outward'),
(220, 'Watch Dogs HITS Range'),
(221, 'Teenage Mutant Ninja Turtles Mutants in Manhattan'),
(222, 'LittleBigPlanet 3'),
(223, 'Dungeons III'),
(224, '11 11 Memories Retold'),
(225, 'Mortal Kombat XL'),
(226, 'Resident Evil Revelations 2'),
(227, 'Rise of the Tomb Raider 20 Year Celebration Artbook Edition'),
(228, 'Until Dawn: Rush of Blood (PS VR)'),
(229, 'Naruto Shippuden: Ultimate Ninja Storm 4'),
(230, 'Farpoint '),
(231, 'One Piece Pirate Warriors 3 HITS'),
(232, 'Fire Pro Wrestling World'),
(233, 'Agents of Mayhem'),
(234, 'Call of Duty Black Ops III (3)'),
(235, 'NHL 18'),
(236, 'The Golf Club 2'),
(237, 'Ark Park Playstation VR Game'),
(238, 'Persona 3 Dancing in Moonlight'),
(239, 'Resident Evil 7'),
(240, 'The Sims 4 Deluxe Party Edition'),
(241, 'Guardians of the Galaxy: Telltale Series'),
(242, 'Knowledge is Power Decades Playlink Game'),
(243, 'Diablo III (3)'),
(244, 'Tom Clancy\'s The Division 2 Gold Edition'),
(245, 'Horizon: Zero Dawn'),
(246, 'The Crew Ultimate Edition'),
(247, 'VR Worlds '),
(248, 'Infamous Second Son HITS Range'),
(249, 'The Last Guardian'),
(250, 'Madden NFL 18'),
(251, 'Crayola Scoot'),
(252, 'Dragon Ball: Fighter Z'),
(253, 'Spintires: Mudrunner'),
(254, 'The Seven Deadly Sins: Knights of Britannia'),
(255, 'Minecraft Story Mode Season 2 Season Pass Disc'),
(256, 'Demon Gaze II'),
(257, 'Star Wars Battlefront Ultimate Edition'),
(258, 'Resident Evil 7 Gold'),
(259, 'Left Alive'),
(260, 'Pure Hold\'em World Poker Championship'),
(261, 'The Inpatient '),
(262, 'WRC 7'),
(263, 'DreamWorks Dragons Dawn of New Riders'),
(264, 'One Piece Unlimited World Red Deluxe Edition'),
(265, 'Everybodys Golf'),
(266, 'Arizona Sunshine '),
(267, 'Metal Gear: Survive'),
(268, 'Soul Calibur VI'),
(269, 'Burnout Paradise Remastered'),
(270, 'Dirt 4'),
(271, 'Railway Empire'),
(272, 'Putty Squad'),
(273, 'The Raven HD Remastered'),
(274, 'Final Fantasy XV Royal Edition'),
(275, 'Scribblenauts Showdown'),
(276, 'Surviving Mars'),
(277, 'Control'),
(278, 'Strange Brigade'),
(279, 'Twin Mirror'),
(280, 'Warhammer 40K Inquisitor Martyr'),
(281, 'Nioh 2'),
(282, 'Nobunaga\'s Ambition: Taishi'),
(283, 'Genesis: Alpha One'),
(284, 'Tour de France 2018'),
(285, 'Little Dragons Cafe'),
(286, 'Naruto to Boruto Shinobi Striker'),
(287, 'Firewall Zero Hour VR Game'),
(288, 'My Hero Ones Justice'),
(289, 'Legendary Fishing'),
(290, 'Yakuza 0 HITS Range'),
(291, 'Deadpool'),
(292, 'Batman Arkham Knight'),
(293, 'Thats You'),
(294, 'Sony Playstation Classic Console'),
(295, 'Aquanox Deep Descent'),
(296, 'EA Sports UFC 2'),
(297, 'Call of Duty Black Ops III GOLD Edition'),
(298, 'Call of Duty Infinite Warfare'),
(299, 'The Witcher 3 Wild Hunt '),
(300, 'Rory McIlroy PGA Tour'),
(301, 'Blue Reflection'),
(302, 'WRC 6'),
(303, 'Uncharted Drake\'s Fortune'),
(304, 'Trackmania Turbo'),
(305, 'One Piece Pirate Warriors 3'),
(306, 'Gungrave VR (Loaded Coffin Edition)'),
(307, 'This Is The Police 2'),
(308, 'LucidSound LS30 Wireless Gaming Headset'),
(309, 'Resident Evil Revelations HD Remake'),
(310, '88 Heroes'),
(311, 'Middle Earth: Shadow of Mordor Game of the Year Edition'),
(312, 'Pure Pool'),
(313, 'Just Cause 3 Gold Edition'),
(314, 'Moonlighter'),
(315, 'God of War'),
(316, 'God of War (3) III Remastered'),
(317, 'Warriors All Stars'),
(318, 'MotoGP 17'),
(319, 'Metro Exodus Aurora Limited Edition'),
(320, 'For Honor'),
(321, 'The Elder Scrolls Online: Tamriel Unlimited'),
(322, 'Micro Machines World Series'),
(323, 'The Persistence  Game'),
(324, 'Mirrors Edge Catalyst'),
(325, 'Star Wars Battlefront'),
(326, 'Super Stardust Ultra '),
(327, 'Little Big Planet 3 HITS Range'),
(328, 'No Man\'s Sky'),
(329, 'Destiny 2'),
(330, 'The Binding of Isaac: Afterbirth'),
(331, 'Digimon Story: Cybersleuth'),
(332, 'Raid: World War II'),
(333, 'Ghost of Tsushima'),
(334, '.Hack//G.U. Last Recode'),
(335, 'Elder Scrolls V: Skyrim '),
(336, 'FIFA 18'),
(337, 'LA Noire'),
(338, 'Singstar Celebration');

-- --------------------------------------------------------

--
-- Table structure for table `productimage`
--

CREATE TABLE `productimage` (
  `id` int(11) NOT NULL,
  `image` varchar(500) NOT NULL,
  `product_id` int(11) NOT NULL,
  `format_id` int(11) NOT NULL
) ENGINE=InnoDB DEFAULT CHARSET=latin1;

--
-- Dumping data for table `productimage`
--

INSERT INTO `productimage` (`id`, `image`, `product_id`, `format_id`) VALUES
(1, 'https://www.simplygames.com/uploads/products/42187/42187_full.jpg?v=MjAxOC0xMi0xMCAxNjoxMDowNA==', 1, 1),
(2, 'https://www.simplygames.com/uploads/products/42188/42188_full.jpg?v=MjAxOC0xMi0xMCAxNjoxMDowNA==', 1, 2),
(3, 'https://www.simplygames.com/uploads/products/42382/42382_full.jpg?v=MjAxOC0xMi0xMCAxNjoxMDowNA==', 2, 1),
(4, 'https://www.base.com/images/main/JUSTCS4GEX1.jpg', 2, 2),
(5, 'https://www.simplygames.com/uploads/products/41987/41987_full.jpg?v=MjAxOC0xMi0xMCAxNjoxMDowNA==', 3, 1),
(6, 'https://www.simplygames.com/uploads/products/42357/42357_full.jpg?v=MjAxOC0xMi0xMCAxNjoxMDowNA==', 4, 1),
(7, 'https://www.simplygames.com/uploads/products/42444/42444_full.jpg?v=MjAxOC0xMi0xMCAxNjoxMDowNA==', 4, 2),
(8, 'https://www.simplygames.com/uploads/products/42348/42348_full.jpg?v=MjAxOC0xMi0xMCAxNjoxMDowNA==', 5, 1),
(9, 'https://www.simplygames.com/uploads/products/42349/42349_full.jpg?v=MjAxOC0xMi0xMCAxNjoxMDowNA==', 5, 2),
(10, 'https://www.simplygames.com/uploads/products/41875/41875_full.jpg?v=MjAxOC0xMi0xMCAxNjoxMDowMw==', 6, 1),
(11, 'https://www.simplygames.com/uploads/products/41953/41953_full.jpg?v=MjAxOC0xMi0xMCAxNjoxMDowNA==', 6, 2),
(12, 'https://www.simplygames.com/uploads/products/41985/41985_full.jpg?v=MjAxOC0xMi0xMCAxNjoxMDowNA==', 7, 1),
(13, 'https://www.simplygames.com/uploads/products/41986/41986_full.jpg?v=MjAxOC0xMi0xMCAxNjoxMDowNA==', 7, 2),
(14, 'https://www.simplygames.com/uploads/products/42376/42376_full.jpg?v=MjAxOC0xMi0xMCAxNjoxMDowMw==', 8, 1),
(15, 'https://www.simplygames.com/uploads/products/42377/42377_full.jpg?v=MjAxOC0xMi0xMCAxNjoxMDowNA==', 8, 2),
(16, 'https://www.simplygames.com/uploads/products/42207/42207_full.jpg?v=MjAxOC0xMi0xMCAxNjoxMDowNA==', 9, 1),
(17, 'https://www.simplygames.com/uploads/products/42208/42208_full.jpg?v=MjAxOC0xMi0xMCAxNjoxMDowNA==', 9, 2),
(18, 'https://www.simplygames.com/uploads/products/42001/42001_full.jpg?v=MjAxOC0xMi0xMCAxNjoxMDowNA==', 10, 1),
(19, 'https://www.simplygames.com/uploads/products/20081/20081_full.jpg?v=MjAxOC0xMi0xMCAxNjoxMDowNA==', 10, 2),
(20, 'https://www.simplygames.com/uploads/products/42352/42352_full.jpg?v=MjAxOC0xMi0xMCAxNjoxMDowNA==', 11, 1),
(21, 'https://www.simplygames.com/uploads/products/42353/42353_full.jpg?v=MjAxOC0xMi0xMCAxNjoxMDowNA==', 11, 2),
(22, 'https://www.simplygames.com/uploads/products/41933/41933_full.jpg?v=MjAxOC0xMi0xMCAxNjoxMDowNA==', 12, 1),
(23, 'https://www.simplygames.com/uploads/products/42003/42003_full.jpg?v=MjAxOC0xMi0xMCAxNjoxMDowMw==', 13, 1),
(24, 'https://www.simplygames.com/uploads/products/42251/42251_full.jpg?v=MjAxOC0xMi0xMCAxNjoxMDowNA==', 14, 1),
(25, 'https://i.ebayimg.com/images/g/xRYAAOSwMORW7o4k/s-l300.jpg', 3, 2),
(26, 'https://www.simplygames.com/uploads/products/42252/42252_full.jpg?v=MjAxOC0xMi0xMCAxNjoxMDowNA==', 14, 2),
(27, 'https://www.simplygames.com/uploads/products/42723/42723_full.jpg?v=MjAxOC0xMi0xMCAxNjoxMDowNA==', 15, 1),
(28, 'https://www.simplygames.com/uploads/products/42068/42068_full.jpg?v=MjAxOC0xMi0xMCAxNjoxMDowMw==', 15, 2),
(29, 'https://www.simplygames.com/uploads/products/42363/42363_full.jpg?v=MjAxOC0xMi0xMCAxNjoxMDowNA==', 16, 1),
(30, 'https://www.simplygames.com/uploads/products/42364/42364_full.jpg?v=MjAxOC0xMi0xMCAxNjoxMDowNA==', 16, 2),
(31, 'https://www.simplygames.com/uploads/products/42404/42404_full.jpg?v=MjAxOC0xMi0xMCAxNjoxMDowNA==', 17, 1),
(32, 'https://www.simplygames.com/uploads/products/42405/42405_full.jpg?v=MjAxOC0xMi0xMCAxNjoxMDowNA==', 17, 2),
(33, 'https://www.simplygames.com/uploads/products/42485/42485_full.jpg?v=MjAxOC0xMi0xMCAxNjoxMDowNA==', 18, 1),
(34, 'https://www.simplygames.com/uploads/products/42200/42200_full.jpg?v=MjAxOC0xMi0xMCAxNjoxMDowNA==', 19, 1),
(35, 'https://www.simplygames.com/uploads/products/42201/42201_full.jpg?v=MjAxOC0xMi0xMCAxNjoxMDowNA==', 19, 2),
(36, 'https://www.simplygames.com/uploads/products/42238/42238_full.jpg?v=MjAxOC0xMi0xMCAxNjoxMDowNA==', 20, 1),
(37, 'https://www.simplygames.com/uploads/products/42239/42239_full.jpg?v=MjAxOC0xMi0xMCAxNjoxMDowNA==', 20, 2),
(38, 'https://www.simplygames.com/uploads/products/42253/42253_full.jpg?v=MjAxOC0xMi0xMCAxNjoxMDowNA==', 21, 1),
(39, 'https://www.simplygames.com/uploads/products/42254/42254_full.jpg?v=MjAxOC0xMi0xMCAxNjoxMDowNA==', 21, 2),
(40, 'https://www.simplygames.com/uploads/products/40170/40170_full.jpg?v=MjAxOC0xMi0xMCAxNjoxMDowMw==', 22, 1),
(41, 'https://www.simplygames.com/uploads/products/40169/40169_full.jpg?v=MjAxOC0xMi0xMCAxNjoxMDowMw==', 22, 2),
(42, 'https://www.simplygames.com/uploads/products/41236/41236_full.jpg?v=MjAxOC0xMi0xMCAxNjoxMDowMw==', 23, 1),
(43, 'https://www.simplygames.com/uploads/products/42274/42274_full.jpg?v=MjAxOC0xMi0xMCAxNjoxMDowNA==', 24, 1),
(44, 'https://www.simplygames.com/uploads/products/42425/42425_full.jpg?v=MjAxOC0xMi0xMCAxNjoxMDowNA==', 25, 1),
(45, 'https://www.simplygames.com/uploads/products/42426/42426_full.jpg?v=MjAxOC0xMi0xMCAxNjoxMDowNA==', 25, 2),
(46, 'https://www.simplygames.com/uploads/products/41934/41934_full.jpg?v=MjAxOC0xMi0xMCAxNjoxMDowNA==', 26, 1),
(47, 'https://www.simplygames.com/uploads/products/41935/41935_full.jpg?v=MjAxOC0xMi0xMCAxNjoxMDowNA==', 26, 2),
(48, 'https://www.simplygames.com/uploads/products/42396/42396_full.jpg?v=MjAxOC0xMi0xMCAxNjoxMDowMw==', 27, 1),
(49, 'https://www.simplygames.com/uploads/products/42397/42397_full.jpg?v=MjAxOC0xMi0xMCAxNjoxMDowNA==', 27, 2),
(50, 'https://www.simplygames.com/uploads/products/42600/42600_full.jpg?v=MjAxOC0xMi0xMCAxNjoxMDowNA==', 28, 1),
(51, 'https://www.simplygames.com/uploads/products/42617/42617_full.jpg?v=MjAxOC0xMi0xMCAxNjoxMDowNA==', 28, 2),
(52, 'https://www.simplygames.com/uploads/products/41952/41952_full.jpg?v=MjAxOC0xMi0xMCAxNjoxMDowMw==', 29, 1),
(53, 'https://www.simplygames.com/uploads/products/41951/41951_full.jpg?v=MjAxOC0xMi0xMCAxNjoxMDowMw==', 29, 2),
(54, 'https://www.simplygames.com/uploads/products/41780/41780_full.jpg?v=MjAxOC0xMi0xMCAxNjoxMDowMw==', 30, 1),
(55, 'https://www.simplygames.com/uploads/products/41781/41781_full.jpg?v=MjAxOC0xMi0xMCAxNjoxMDowMw==', 30, 2),
(56, 'https://www.simplygames.com/uploads/products/41207/41207_full.jpg?v=MjAxOC0xMi0xMCAxNjoxMDowMw==', 31, 1),
(57, 'https://www.simplygames.com/uploads/products/40499/40499_full.jpg?v=MjAxOC0xMi0xMCAxNjoxMDowMw==', 32, 1),
(58, 'https://www.simplygames.com/uploads/products/40500/40500_full.jpg?v=MjAxOC0xMi0xMCAxNjoxMDowMw==', 32, 2),
(59, 'https://www.simplygames.com/uploads/products/42234/42234_full.jpg?v=MjAxOC0xMi0xMCAxNjoxMDowNA==', 33, 1),
(60, 'https://www.simplygames.com/uploads/products/42235/42235_full.jpg?v=MjAxOC0xMi0xMCAxNjoxMDowNA==', 33, 2),
(61, 'https://www.simplygames.com/uploads/products/42766/42766_full.jpg?v=MjAxOC0xMi0xMCAxNjoxMDowNA==', 34, 1),
(62, 'https://www.simplygames.com/uploads/products/42767/42767_full.jpg?v=MjAxOC0xMi0xMCAxNjoxMjowNA==', 34, 2),
(63, 'https://www.simplygames.com/uploads/products/42598/42598_full.jpg?v=MjAxOC0xMi0xMCAxNjoxMjowNA==', 35, 1),
(64, 'https://www.simplygames.com/uploads/products/42599/42599_full.jpg?v=MjAxOC0xMi0xMCAxNjoxMjowNA==', 35, 2),
(65, 'https://www.simplygames.com/uploads/products/40854/40854_full.jpg?v=MjAxOC0xMi0xMCAxNjoxMjowNA==', 36, 1),
(66, 'https://www.simplygames.com/uploads/products/40855/40855_full.jpg?v=MjAxOC0xMi0xMCAxNjoxMjowNA==', 36, 2),
(67, 'https://www.simplygames.com/uploads/products/42547/42547_full.jpg?v=MjAxOC0xMi0xMCAxNjoxMjowNA==', 37, 1),
(68, 'https://www.simplygames.com/uploads/products/42548/42548_full.jpg?v=MjAxOC0xMi0xMCAxNjoxMjowNA==', 37, 2),
(69, 'https://www.simplygames.com/uploads/products/41948/41948_full.jpg?v=MjAxOC0xMi0xMCAxNjoxMjowNA==', 38, 1),
(70, 'https://www.simplygames.com/uploads/products/41950/41950_full.jpg?v=MjAxOC0xMi0xMCAxNjoxMjowNA==', 38, 2),
(71, 'https://www.simplygames.com/uploads/products/42316/42316_full.jpg?v=MjAxOC0xMi0xMCAxNjoxMjowNA==', 39, 1),
(72, 'https://www.simplygames.com/uploads/products/42317/42317_full.jpg?v=MjAxOC0xMi0xMCAxNjoxMjowNA==', 39, 2),
(73, 'https://www.simplygames.com/uploads/products/42454/42454_full.jpg?v=MjAxOC0xMi0xMCAxNjoxMjowNA==', 40, 1),
(74, 'https://www.simplygames.com/uploads/products/42455/42455_full.jpg?v=MjAxOC0xMi0xMCAxNjoxMjowNA==', 40, 2),
(75, 'https://www.simplygames.com/uploads/products/42484/42484_full.jpg?v=MjAxOC0xMi0xMCAxNjoxMjowNA==', 41, 1),
(76, 'https://www.simplygames.com/uploads/products/42532/42532_full.jpg?v=MjAxOC0xMi0xMCAxNjoxMjowNA==', 42, 1),
(77, 'https://www.simplygames.com/uploads/products/41981/41981_full.jpg?v=MjAxOC0xMi0xMCAxNjoxMjowNA==', 43, 1),
(78, 'https://www.simplygames.com/uploads/products/41982/41982_full.jpg?v=MjAxOC0xMi0xMCAxNjoxMjowNA==', 43, 2),
(79, 'https://www.simplygames.com/uploads/products/41381/41381_full.jpg?v=MjAxOC0xMi0xMCAxNjoxMjowNA==', 44, 1),
(80, 'https://www.simplygames.com/uploads/products/42661/42661_full.jpg?v=MjAxOC0xMi0xMCAxNjoxMjowNA==', 45, 1),
(81, 'https://www.simplygames.com/uploads/products/42679/42679_full.jpg?v=MjAxOC0xMi0xMCAxNjoxMjowNA==', 46, 1),
(82, 'https://www.simplygames.com/uploads/products/42680/42680_full.jpg?v=MjAxOC0xMi0xMCAxNjoxMjowNA==', 46, 2),
(83, 'https://www.simplygames.com/uploads/products/42554/42554_full.jpg?v=MjAxOC0xMi0xMCAxNjoxMjowNA==', 47, 1),
(84, 'https://www.simplygames.com/uploads/products/41983/41983_full.jpg?v=MjAxOC0xMi0xMCAxNjoxMjowNA==', 48, 1),
(85, 'https://www.simplygames.com/uploads/products/41984/41984_full.jpg?v=MjAxOC0xMi0xMCAxNjoxMjowNA==', 48, 2),
(86, 'https://www.simplygames.com/uploads/products/41945/41945_full.jpg?v=MjAxOC0xMi0xMCAxNjoxMjowNA==', 49, 1),
(87, 'https://www.simplygames.com/uploads/products/41959/41959_full.jpg?v=MjAxOC0xMi0xMCAxNjoxMjowNA==', 49, 2),
(88, 'https://www.simplygames.com/uploads/products/41864/41864_full.jpg?v=MjAxOC0xMi0xMCAxNjoxMjowNA==', 50, 1),
(89, 'https://www.simplygames.com/uploads/products/41856/41856_full.jpg?v=MjAxOC0xMi0xMCAxNjoxMjowNA==', 50, 2),
(90, 'https://www.simplygames.com/uploads/products/42233/42233_full.jpg?v=MjAxOC0xMi0xMCAxNjoxMjowNA==', 51, 1),
(91, 'https://www.simplygames.com/uploads/products/42461/42461_full.jpg?v=MjAxOC0xMi0xMCAxNjoxMjowNA==', 52, 1),
(92, 'https://www.simplygames.com/uploads/products/42462/42462_full.jpg?v=MjAxOC0xMi0xMCAxNjoxMjowNA==', 52, 2),
(93, 'https://www.simplygames.com/uploads/products/42343/42343_full.jpg?v=MjAxOC0xMi0xMCAxNjoxMjowNA==', 53, 1),
(94, 'https://www.simplygames.com/uploads/products/42342/42342_full.jpg?v=MjAxOC0xMi0xMCAxNjoxMjowNA==', 53, 2),
(95, 'https://www.simplygames.com/uploads/products/42527/42527_full.jpg?v=MjAxOC0xMi0xMCAxNjoxMjowNA==', 54, 1),
(96, 'https://www.simplygames.com/uploads/products/42528/42528_full.jpg?v=MjAxOC0xMi0xMCAxNjoxMjowNA==', 54, 2),
(97, 'https://www.simplygames.com/uploads/products/41845/41845_full.jpg?v=MjAxOC0xMi0xMCAxNjoxMjowNA==', 55, 1),
(98, 'https://www.simplygames.com/uploads/products/41846/41846_full.jpg?v=MjAxOC0xMi0xMCAxNjoxMjowNA==', 55, 2),
(99, 'https://www.simplygames.com/uploads/products/42564/42564_full.jpg?v=MjAxOC0xMi0xMCAxNjoxMjowNA==', 56, 1),
(100, 'https://www.simplygames.com/uploads/products/41740/41740_full.jpg?v=MjAxOC0xMi0xMCAxNjoxMjowNA==', 57, 1),
(101, 'https://www.simplygames.com/uploads/products/41741/41741_full.jpg?v=MjAxOC0xMi0xMCAxNjoxMjowNA==', 57, 2),
(102, 'https://www.simplygames.com/uploads/products/41569/41569_full.jpg?v=MjAxOC0xMi0xMCAxNjoxMjowNA==', 58, 1),
(103, 'https://www.simplygames.com/uploads/products/41796/41796_full.jpg?v=MjAxOC0xMi0xMCAxNjoxMjowNA==', 59, 1),
(104, 'https://www.simplygames.com/uploads/products/41946/41946_full.jpg?v=MjAxOC0xMi0xMCAxNjoxMjowNA==', 60, 1),
(105, 'https://www.simplygames.com/uploads/products/41947/41947_full.jpg?v=MjAxOC0xMi0xMCAxNjoxMjowNA==', 60, 2),
(106, 'https://www.simplygames.com/uploads/products/41991/41991_full.jpg?v=MjAxOC0xMi0xMCAxNjoxMjowNA==', 61, 1),
(107, 'https://www.simplygames.com/uploads/products/42219/42219_full.jpg?v=MjAxOC0xMi0xMCAxNjoxMjowNA==', 62, 1),
(108, 'https://www.simplygames.com/uploads/products/42220/42220_full.jpg?v=MjAxOC0xMi0xMCAxNjoxMjowNA==', 62, 2),
(109, 'https://www.simplygames.com/uploads/products/42069/42069_full.jpg?v=MjAxOC0xMi0xMCAxNjoxMjowNA==', 63, 1),
(110, 'https://www.simplygames.com/uploads/products/42070/42070_full.jpg?v=MjAxOC0xMi0xMCAxNjoxMjowNA==', 63, 2),
(111, 'https://www.simplygames.com/uploads/products/42327/42327_full.jpg?v=MjAxOC0xMi0xMCAxNjoxMjowNA==', 64, 1),
(112, 'https://www.simplygames.com/uploads/products/42337/42337_full.jpg?v=MjAxOC0xMi0xMCAxNjoxMjowNA==', 66, 1),
(113, 'https://www.simplygames.com/uploads/products/42338/42338_full.jpg?v=MjAxOC0xMi0xMCAxNjoxMjowNA==', 66, 2),
(114, 'https://www.simplygames.com/uploads/products/41602/41602_full.jpg?v=MjAxOC0xMi0xMCAxNjoxMjowNA==', 67, 1),
(115, 'https://www.simplygames.com/uploads/products/41603/41603_full.jpg?v=MjAxOC0xMi0xMCAxNjoxMjowNA==', 67, 2),
(116, 'https://www.simplygames.com/uploads/products/42611/42611_full.jpg?v=MjAxOC0xMi0xMCAxNjoxMjowNA==', 68, 1),
(117, 'https://www.simplygames.com/uploads/products/42612/42612_full.jpg?v=MjAxOC0xMi0xMCAxNjoxMjowNA==', 68, 2),
(118, 'https://www.simplygames.com/uploads/products/42503/42503_full.jpg?v=MjAxOC0xMi0xMCAxNjoxMjowNA==', 69, 1),
(119, 'https://www.simplygames.com/uploads/products/20536/20536_full.jpg?v=MjAxOC0xMi0xMCAxNjoxMjowNA==', 70, 1),
(120, 'https://www.simplygames.com/uploads/products/20535/20535_full.jpg?v=MjAxOC0xMi0xMCAxNjoxMjowNA==', 70, 2),
(121, 'https://www.simplygames.com/uploads/products/41659/41659_full.jpg?v=MjAxOC0xMi0xMCAxNjoxMjowNA==', 71, 1),
(122, 'https://www.simplygames.com/uploads/products/41660/41660_full.jpg?v=MjAxOC0xMi0xMCAxNjoxMjowNA==', 71, 2),
(123, 'https://www.simplygames.com/uploads/products/42665/42665_full.jpg?v=MjAxOC0xMi0xMCAxNjoxMjowNA==', 72, 1),
(124, 'https://www.simplygames.com/uploads/products/42666/42666_full.jpg?v=MjAxOC0xMi0xMCAxNjoxMjowNA==', 72, 2),
(125, 'https://www.simplygames.com/uploads/products/42551/42551_full.jpg?v=MjAxOC0xMi0xMCAxNjoxMjowNA==', 73, 1),
(126, 'https://www.simplygames.com/uploads/products/42696/42696_full.jpg?v=MjAxOC0xMi0xMCAxNjoxMjowNA==', 74, 1),
(127, 'https://www.simplygames.com/uploads/products/41988/41988_full.jpg?v=MjAxOC0xMi0xMCAxNjoxMjowNA==', 75, 1),
(128, 'https://www.simplygames.com/uploads/products/41989/41989_full.jpg?v=MjAxOC0xMi0xMCAxNjoxMjowNA==', 75, 2),
(129, 'https://www.simplygames.com/uploads/products/41876/41876_full.jpg?v=MjAxOC0xMi0xMCAxNjoxMjowNA==', 76, 1),
(130, 'https://www.simplygames.com/uploads/products/41877/41877_full.jpg?v=MjAxOC0xMi0xMCAxNjoxMjowNA==', 76, 2),
(131, 'https://www.simplygames.com/uploads/products/42021/42021_full.jpg?v=MjAxOC0xMi0xMCAxNjoxMjowNA==', 77, 1),
(132, 'https://www.simplygames.com/uploads/products/41955/41955_full.jpg?v=MjAxOC0xMi0xMCAxNjoxMjowNA==', 77, 2),
(133, 'https://www.simplygames.com/uploads/products/42416/42416_full.jpg?v=MjAxOC0xMi0xMCAxNjoxMjowNA==', 78, 1),
(134, 'https://www.simplygames.com/uploads/products/42418/42418_full.jpg?v=MjAxOC0xMi0xMCAxNjoxMjowNA==', 78, 2),
(135, 'https://www.simplygames.com/uploads/products/20290/20290_full.jpg?v=MjAxOC0xMi0xMCAxNjoxMjowNA==', 79, 1),
(136, 'https://www.simplygames.com/uploads/products/20495/20495_full.jpg?v=MjAxOC0xMi0xMCAxNjoxMjowNA==', 80, 1),
(137, 'https://www.simplygames.com/uploads/products/42135/42135_full.jpg?v=MjAxOC0xMi0xMCAxNjoxMjowNA==', 80, 2),
(138, 'https://www.simplygames.com/uploads/products/40935/40935_full.jpg?v=MjAxOC0xMi0xMCAxNjoxMjowNA==', 81, 1),
(139, 'https://www.simplygames.com/uploads/products/40936/40936_full.jpg?v=MjAxOC0xMi0xMCAxNjoxMjowNA==', 81, 2),
(140, 'https://www.simplygames.com/uploads/products/41704/41704_full.jpg?v=MjAxOC0xMi0xMCAxNjoxMjowNA==', 82, 1),
(141, 'https://www.simplygames.com/uploads/products/20162/20162_full.jpg?v=MjAxOC0xMi0xMCAxNjoxMjowNA==', 83, 1),
(142, 'https://www.simplygames.com/uploads/products/41947/41947_full.jpg?v=MjAxOC0xMi0xMCAxNjoxMjowNA==', 83, 2),
(143, 'https://www.simplygames.com/uploads/products/41835/41835_full.jpg?v=MjAxOC0xMi0xMCAxNjoxMjowNA==', 84, 1),
(144, 'https://www.simplygames.com/uploads/products/41978/41978_full.jpg?v=MjAxOC0xMi0xMCAxNjoxMjowNA==', 85, 1),
(145, 'https://www.simplygames.com/uploads/products/41772/41772_full.jpg?v=MjAxOC0xMi0xMCAxNjoxMjowNA==', 86, 1),
(146, 'https://www.simplygames.com/uploads/products/41617/41617_full.jpg?v=MjAxOC0xMi0xMCAxNjoxMjowNA==', 86, 2),
(147, 'https://www.simplygames.com/uploads/products/42000/42000_full.jpg?v=MjAxOC0xMi0xMCAxNjoxMjowNA==', 87, 1),
(148, 'https://www.simplygames.com/uploads/products/42583/42583_full.jpg?v=MjAxOC0xMi0xMCAxNjoxMjowNA==', 87, 2),
(149, 'https://www.simplygames.com/uploads/products/42451/42451_full.jpg?v=MjAxOC0xMi0xMCAxNjoxNDowMw==', 89, 1),
(150, 'https://www.simplygames.com/uploads/products/42452/42452_full.jpg?v=MjAxOC0xMi0xMCAxNjoxNDowMw==', 89, 2),
(151, 'https://www.simplygames.com/uploads/products/41225/41225_full.jpg?v=MjAxOC0xMi0xMCAxNjoxNDowMw==', 90, 1),
(152, 'https://www.simplygames.com/uploads/products/41226/41226_full.jpg?v=MjAxOC0xMi0xMCAxNjoxNDowMw==', 90, 2),
(153, 'https://www.simplygames.com/uploads/products/40144/40144_full.jpg?v=MjAxOC0xMi0xMCAxNjoxNDowMw==', 91, 1),
(154, 'https://www.simplygames.com/uploads/products/40145/40145_full.jpg?v=MjAxOC0xMi0xMCAxNjoxNDowMw==', 91, 2),
(155, 'https://www.simplygames.com/uploads/products/41030/41030_full.jpg?v=MjAxOC0xMi0xMCAxNjoxNDowMw==', 92, 1),
(156, 'https://www.simplygames.com/uploads/products/41031/41031_full.jpg?v=MjAxOC0xMi0xMCAxNjoxNDowMw==', 92, 2),
(157, 'https://www.simplygames.com/uploads/products/40527/40527_full.jpg?v=MjAxOC0xMi0xMCAxNjoxNDowMw==', 93, 1),
(158, 'https://www.simplygames.com/uploads/products/40528/40528_full.jpg?v=MjAxOC0xMi0xMCAxNjoxNDowMw==', 93, 2),
(159, 'https://www.simplygames.com/uploads/products/20167/20167_full.jpg?v=MjAxOC0xMi0xMCAxNjoxNDowMw==', 95, 1),
(160, 'https://www.simplygames.com/uploads/products/20168/20168_full.jpg?v=MjAxOC0xMi0xMCAxNjoxNDowMw==', 95, 2),
(161, 'https://www.simplygames.com/uploads/products/41773/41773_full.jpg?v=MjAxOC0xMi0xMCAxNjoxNDowMw==', 97, 1),
(162, 'https://www.simplygames.com/uploads/products/41774/41774_full.jpg?v=MjAxOC0xMi0xMCAxNjoxNDowMw==', 97, 2),
(163, 'https://www.simplygames.com/uploads/products/42032/42032_full.jpg?v=MjAxOC0xMi0xMCAxNjoxNDowMw==', 98, 1),
(164, 'https://www.simplygames.com/uploads/products/42033/42033_full.jpg?v=MjAxOC0xMi0xMCAxNjoxNDowMw==', 98, 2),
(165, 'https://www.simplygames.com/uploads/products/42010/42010_full.jpg?v=MjAxOC0xMi0xMCAxNjoxNDowMw==', 99, 1),
(166, 'https://www.simplygames.com/uploads/products/42011/42011_full.jpg?v=MjAxOC0xMi0xMCAxNjoxNDowMw==', 99, 2),
(167, 'https://i.ebayimg.com/images/g/UeUAAOSwmYta-h-0/s-l300.jpg', 23, 2),
(168, 'https://www.simplygames.com/uploads/products/42174/42174_full.jpg?v=MjAxOC0xMi0xMCAxNjoxNDowMw==', 100, 1),
(169, 'https://www.simplygames.com/uploads/products/42175/42175_full.jpg?v=MjAxOC0xMi0xMCAxNjoxNDowMw==', 100, 2),
(170, 'https://www.simplygames.com/uploads/products/42035/42035_full.jpg?v=MjAxOC0xMi0xMCAxNjoxNDowMw==', 101, 1),
(171, 'https://www.simplygames.com/uploads/products/42183/42183_full.jpg?v=MjAxOC0xMi0xMCAxNjoxNDowMw==', 102, 1),
(172, 'https://www.simplygames.com/uploads/products/42184/42184_full.jpg?v=MjAxOC0xMi0xMCAxNjoxNDowMw==', 102, 2),
(173, 'https://www.simplygames.com/uploads/products/42053/42053_full.jpg?v=MjAxOC0xMi0xMCAxNjoxNDowMw==', 103, 1),
(174, 'https://www.simplygames.com/uploads/products/42054/42054_full.jpg?v=MjAxOC0xMi0xMCAxNjoxNDowMw==', 103, 2),
(175, 'https://www.simplygames.com/uploads/products/42210/42210_full.jpg?v=MjAxOC0xMi0xMCAxNjoxNDowMw==', 104, 1),
(176, 'https://www.simplygames.com/uploads/products/42211/42211_full.jpg?v=MjAxOC0xMi0xMCAxNjoxNDowMw==', 104, 2),
(177, 'https://www.simplygames.com/uploads/products/42065/42065_full.jpg?v=MjAxOC0xMi0xMCAxNjoxNDowMw==', 105, 1),
(178, 'https://www.simplygames.com/uploads/products/42222/42222_full.jpg?v=MjAxOC0xMi0xMCAxNjoxNDowMw==', 106, 1),
(179, 'https://www.simplygames.com/uploads/products/42223/42223_full.jpg?v=MjAxOC0xMi0xMCAxNjoxNDowMw==', 106, 2),
(180, 'https://www.simplygames.com/uploads/products/42232/42232_full.jpg?v=MjAxOC0xMi0xMCAxNjoxNDowMw==', 107, 1),
(181, 'https://www.simplygames.com/uploads/products/42089/42089_full.jpg?v=MjAxOC0xMi0xMCAxNjoxNDowMw==', 108, 1),
(182, 'https://www.simplygames.com/uploads/products/42090/42090_full.jpg?v=MjAxOC0xMi0xMCAxNjoxNDowMw==', 108, 2),
(183, 'https://www.simplygames.com/uploads/products/42098/42098_full.jpg?v=MjAxOC0xMi0xMCAxNjoxNDowMw==', 109, 1),
(184, 'https://www.simplygames.com/uploads/products/42108/42108_full.jpg?v=MjAxOC0xMi0xMCAxNjoxNDowMw==', 110, 1),
(185, 'https://www.simplygames.com/uploads/products/42109/42109_full.jpg?v=MjAxOC0xMi0xMCAxNjoxNDowMw==', 110, 2),
(186, 'https://www.simplygames.com/uploads/products/41996/41996_full.jpg?v=MjAxOC0xMi0xMCAxNjoxNDowMw==', 111, 1),
(187, 'https://www.base.com/images/main/KINGHHD28PS4.jpg', 65, 1),
(188, 'https://www.simplygames.com/uploads/products/41997/41997_full.jpg?v=MjAxOC0xMi0xMCAxNjoxNDowMw==', 111, 2),
(189, 'https://www.simplygames.com/uploads/products/42272/42272_full.jpg?v=MjAxOC0xMi0xMCAxNjoxNDowMw==', 112, 1),
(190, 'https://www.simplygames.com/uploads/products/42273/42273_full.jpg?v=MjAxOC0xMi0xMCAxNjoxNDowMw==', 112, 2),
(191, 'https://www.simplygames.com/uploads/products/42406/42406_full.jpg?v=MjAxOC0xMi0xMCAxNjoxNDowMw==', 113, 1),
(192, 'https://www.simplygames.com/uploads/products/42407/42407_full.jpg?v=MjAxOC0xMi0xMCAxNjoxNDowMw==', 113, 2),
(193, 'https://www.simplygames.com/uploads/products/42284/42284_full.jpg?v=MjAxOC0xMi0xMCAxNjoxNDowMw==', 114, 1),
(194, 'https://www.simplygames.com/uploads/products/42285/42285_full.jpg?v=MjAxOC0xMi0xMCAxNjoxNDowMw==', 114, 2),
(195, 'https://www.simplygames.com/uploads/products/42297/42297_full.jpg?v=MjAxOC0xMi0xMCAxNjoxNDowMw==', 115, 1),
(196, 'https://www.simplygames.com/uploads/products/42298/42298_full.jpg?v=MjAxOC0xMi0xMCAxNjoxNDowMw==', 115, 2),
(197, 'https://www.simplygames.com/uploads/products/42423/42423_full.jpg?v=MjAxOC0xMi0xMCAxNjoxNDowMw==', 116, 1),
(198, 'https://www.simplygames.com/uploads/products/42424/42424_full.jpg?v=MjAxOC0xMi0xMCAxNjoxNDowMw==', 116, 2),
(199, 'https://www.simplygames.com/uploads/products/42307/42307_full.jpg?v=MjAxOC0xMi0xMCAxNjoxNDowMw==', 117, 1),
(200, 'https://www.simplygames.com/uploads/products/42308/42308_full.jpg?v=MjAxOC0xMi0xMCAxNjoxNDowMw==', 117, 2),
(201, 'https://www.simplygames.com/uploads/products/42433/42433_full.jpg?v=MjAxOC0xMi0xMCAxNjoxNDowMw==', 118, 1),
(202, 'https://www.simplygames.com/uploads/products/42318/42318_full.jpg?v=MjAxOC0xMi0xMCAxNjoxNDowMw==', 119, 1),
(203, 'https://www.simplygames.com/uploads/products/42319/42319_full.jpg?v=MjAxOC0xMi0xMCAxNjoxNDowMw==', 119, 2),
(204, 'https://www.simplygames.com/uploads/products/42446/42446_full.jpg?v=MjAxOC0xMi0xMCAxNjoxNDowMw==', 120, 1),
(205, 'https://www.simplygames.com/uploads/products/42456/42456_full.jpg?v=MjAxOC0xMi0xMCAxNjoxNDowMw==', 122, 1),
(206, 'https://www.simplygames.com/uploads/products/42457/42457_full.jpg?v=MjAxOC0xMi0xMCAxNjoxNDowMw==', 122, 2),
(207, 'https://www.simplygames.com/uploads/products/42339/42339_full.jpg?v=MjAxOC0xMi0xMCAxNjoxNDowMw==', 123, 1),
(208, 'https://www.simplygames.com/uploads/products/42340/42340_full.jpg?v=MjAxOC0xMi0xMCAxNjoxNDowMw==', 123, 2),
(209, 'https://www.simplygames.com/uploads/products/42480/42480_full.jpg?v=MjAxOC0xMi0xMCAxNjoxNDowMw==', 124, 1),
(210, 'https://www.simplygames.com/uploads/products/42354/42354_full.jpg?v=MjAxOC0xMi0xMCAxNjoxNDowMw==', 125, 1),
(211, 'https://www.simplygames.com/uploads/products/42355/42355_full.jpg?v=MjAxOC0xMi0xMCAxNjoxNDowMw==', 125, 2),
(212, 'https://www.simplygames.com/uploads/products/42369/42369_full.jpg?v=MjAxOC0xMi0xMCAxNjoxNDowMw==', 126, 1),
(213, 'https://www.simplygames.com/uploads/products/42370/42370_full.jpg?v=MjAxOC0xMi0xMCAxNjoxNDowMw==', 126, 2),
(214, 'https://www.simplygames.com/uploads/products/42257/42257_full.jpg?v=MjAxOC0xMi0xMCAxNjoxNDowMw==', 127, 1),
(215, 'https://www.simplygames.com/uploads/products/42258/42258_full.jpg?v=MjAxOC0xMi0xMCAxNjoxNDowMw==', 127, 2),
(216, 'https://www.simplygames.com/uploads/products/42398/42398_full.jpg?v=MjAxOC0xMi0xMCAxNjoxNDowMw==', 128, 1),
(217, 'https://www.simplygames.com/uploads/products/42002/42002_full.jpg?v=MjAxOC0xMi0xMCAxNjoxNDowMw==', 128, 2),
(218, 'https://www.simplygames.com/uploads/products/40643/40643_full.jpg?v=MjAxOC0xMi0xMCAxNjoxNDowMw==', 129, 1),
(219, 'https://www.simplygames.com/uploads/products/20288/20288_full.jpg?v=MjAxOC0xMi0xMCAxNjoxNDowMw==', 129, 2),
(220, 'https://www.simplygames.com/uploads/products/41632/41632_full.jpg?v=MjAxOC0xMi0xMCAxNjoxNDowMw==', 130, 1),
(221, 'https://www.simplygames.com/uploads/products/42613/42613_full.jpg?v=MjAxOC0xMi0xMCAxNjoxNDowMw==', 131, 1),
(222, 'https://www.simplygames.com/uploads/products/42614/42614_full.jpg?v=MjAxOC0xMi0xMCAxNjoxNDowMw==', 131, 2),
(223, 'https://www.simplygames.com/uploads/products/42504/42504_full.jpg?v=MjAxOC0xMi0xMCAxNjoxNDowMw==', 132, 1),
(224, 'https://www.simplygames.com/uploads/products/40767/40767_full.jpg?v=MjAxOC0xMi0xMCAxNjoxNDowMw==', 133, 1),
(225, 'https://www.simplygames.com/uploads/products/40768/40768_full.jpg?v=MjAxOC0xMi0xMCAxNjoxNDowMw==', 133, 2),
(226, 'https://www.simplygames.com/uploads/products/41649/41649_full.jpg?v=MjAxOC0xMi0xMCAxNjoxNDowMw==', 134, 1),
(227, 'https://www.simplygames.com/uploads/products/42513/42513_full.jpg?v=MjAxOC0xMi0xMCAxNjoxNDowMw==', 136, 1),
(228, 'https://www.simplygames.com/uploads/products/42514/42514_full.jpg?v=MjAxOC0xMi0xMCAxNjoxNDowMw==', 136, 2),
(229, 'https://www.simplygames.com/uploads/products/20546/20546_full.jpg?v=MjAxOC0xMi0xMCAxNjoxNDowMw==', 137, 1),
(230, 'https://www.simplygames.com/uploads/products/41681/41681_full.jpg?v=MjAxOC0xMi0xMCAxNjoxNDowMw==', 137, 2),
(231, 'https://www.simplygames.com/uploads/products/41661/41661_full.jpg?v=MjAxOC0xMi0xMCAxNjoxNDowMw==', 138, 1),
(232, 'https://www.simplygames.com/uploads/products/41662/41662_full.jpg?v=MjAxOC0xMi0xMCAxNjoxNDowMw==', 138, 2),
(233, 'https://www.simplygames.com/uploads/products/41327/41327_full.jpg?v=MjAxOC0xMi0xMCAxNjoxNDowMw==', 139, 1),
(234, 'https://www.simplygames.com/uploads/products/41328/41328_full.jpg?v=MjAxOC0xMi0xMCAxNjoxNDowMw==', 139, 2),
(235, 'https://www.simplygames.com/uploads/products/42654/42654_full.jpg?v=MjAxOC0xMi0xMCAxNjoxNDowMw==', 140, 1),
(236, 'https://www.simplygames.com/uploads/products/42653/42653_full.jpg?v=MjAxOC0xMi0xMCAxNjoxNDowMw==', 140, 2),
(237, 'https://www.simplygames.com/uploads/products/42525/42525_full.jpg?v=MjAxOC0xMi0xMCAxNjoxNDowMw==', 141, 1),
(238, 'https://www.simplygames.com/uploads/products/42526/42526_full.jpg?v=MjAxOC0xMi0xMCAxNjoxNDowMw==', 141, 2),
(239, 'https://www.simplygames.com/uploads/products/40864/40864_full.jpg?v=MjAxOC0xMi0xMCAxNjoxNDowMw==', 142, 1),
(240, 'https://www.simplygames.com/uploads/products/40865/40865_full.jpg?v=MjAxOC0xMi0xMCAxNjoxNDowMw==', 142, 2),
(241, 'https://www.simplygames.com/uploads/products/40000/40000_full.jpg?v=MjAxOC0xMi0xMCAxNjoxNDowMw==', 143, 1),
(242, 'https://www.simplygames.com/uploads/products/41675/41675_full.jpg?v=MjAxOC0xMi0xMCAxNjoxNjowMQ==', 144, 1),
(243, 'https://www.simplygames.com/uploads/products/41480/41480_full.jpg?v=MjAxOC0xMi0xMCAxNjoxNjowMQ==', 144, 2),
(244, 'https://www.simplygames.com/uploads/products/42533/42533_full.jpg?v=MjAxOC0xMi0xMCAxNjoxNjowMg==', 145, 1),
(245, 'https://www.simplygames.com/uploads/products/40135/40135_full.jpg?v=MjAxOC0xMi0xMCAxNjoxNjowMQ==', 146, 1),
(246, 'https://www.simplygames.com/uploads/products/40136/40136_full.jpg?v=MjAxOC0xMi0xMCAxNjoxNjowMQ==', 146, 2),
(247, 'https://www.simplygames.com/uploads/products/41693/41693_full.jpg?v=MjAxOC0xMi0xMCAxNjoxNjowMQ==', 147, 1),
(248, 'https://www.simplygames.com/uploads/products/41431/41431_full.jpg?v=MjAxOC0xMi0xMCAxNjoxNjowMQ==', 148, 1),
(249, 'https://www.simplygames.com/uploads/products/42668/42668_full.jpg?v=MjAxOC0xMi0xMCAxNjoxNjowMg==', 149, 1),
(250, 'https://www.simplygames.com/uploads/products/42545/42545_full.jpg?v=MjAxOC0xMi0xMCAxNjoxNjowMg==', 150, 1),
(251, 'https://www.simplygames.com/uploads/products/40988/40988_full.jpg?v=MjAxOC0xMi0xMCAxNjoxNjowMQ==', 151, 1),
(252, 'https://www.simplygames.com/uploads/products/40989/40989_full.jpg?v=MjAxOC0xMi0xMCAxNjoxNjowMQ==', 151, 2),
(253, 'https://www.simplygames.com/uploads/products/42177/42177_full.jpg?v=MjAxOC0xMi0xMCAxNjoxNjowMg==', 152, 1),
(254, 'https://www.simplygames.com/uploads/products/42178/42178_full.jpg?v=MjAxOC0xMi0xMCAxNjoxNjowMg==', 152, 2),
(255, 'https://www.simplygames.com/uploads/products/41495/41495_full.jpg?v=MjAxOC0xMi0xMCAxNjoxNjowMQ==', 153, 1),
(256, 'https://www.simplygames.com/uploads/products/41496/41496_full.jpg?v=MjAxOC0xMi0xMCAxNjoxNjowMQ==', 153, 2),
(257, 'https://www.simplygames.com/uploads/products/41039/41039_full.jpg?v=MjAxOC0xMi0xMCAxNjoxNjowMQ==', 154, 1),
(258, 'https://www.simplygames.com/uploads/products/41040/41040_full.jpg?v=MjAxOC0xMi0xMCAxNjoxNjowMQ==', 154, 2),
(259, 'https://www.simplygames.com/uploads/products/40498/40498_full.jpg?v=MjAxOC0xMi0xMCAxNjoxNjowMQ==', 155, 1),
(260, 'https://www.simplygames.com/uploads/products/40496/40496_full.jpg?v=MjAxOC0xMi0xMCAxNjoxNjowMQ==', 155, 2),
(261, 'https://www.simplygames.com/uploads/products/41719/41719_full.jpg?v=MjAxOC0xMi0xMCAxNjoxNjowMQ==', 156, 1),
(262, 'https://www.simplygames.com/uploads/products/42693/42693_full.jpg?v=MjAxOC0xMi0xMCAxNjoxNjowMQ==', 157, 1),
(263, 'https://www.simplygames.com/uploads/products/42563/42563_full.jpg?v=MjAxOC0xMi0xMCAxNjoxNjowMg==', 158, 1),
(264, 'https://www.simplygames.com/uploads/products/40522/40522_full.jpg?v=MjAxOC0xMi0xMCAxNjoxNjowMQ==', 159, 1),
(265, 'https://www.simplygames.com/uploads/products/40523/40523_full.jpg?v=MjAxOC0xMi0xMCAxNjoxNjowMQ==', 159, 2),
(266, 'https://www.simplygames.com/uploads/products/19899/19899_full.jpg?v=MjAxOC0xMi0xMCAxNjoxNjowMQ==', 160, 1),
(267, 'https://www.simplygames.com/uploads/products/42705/42705_full.jpg?v=MjAxOC0xMi0xMCAxNjoxNjowMg==', 161, 1),
(268, 'https://www.simplygames.com/uploads/products/42706/42706_full.jpg?v=MjAxOC0xMi0xMCAxNjoxNjowMQ==', 161, 2),
(269, 'https://www.simplygames.com/uploads/products/42569/42569_full.jpg?v=MjAxOC0xMi0xMCAxNjoxNjowMg==', 162, 1),
(270, 'https://www.simplygames.com/uploads/products/40534/40534_full.jpg?v=MjAxOC0xMi0xMCAxNjoxNjowMQ==', 163, 1),
(271, 'https://www.simplygames.com/uploads/products/41755/41755_full.jpg?v=MjAxOC0xMi0xMCAxNjoxNjowMQ==', 164, 1),
(272, 'https://www.base.com/images/main/ANTLDEPS4.jpg', 96, 1),
(273, 'https://www.simplygames.com/uploads/products/41756/41756_full.jpg?v=MjAxOC0xMi0xMCAxNjoxNjowMQ==', 164, 2),
(274, 'https://www.base.com/images/main/ANTLDEX1.jpg', 96, 2),
(275, '//media.4rgos.it/i/Argos/8685252_R_Z001A?$Web$&$DefaultThumb50$', 118, 2),
(276, 'https://www.simplygames.com/uploads/products/20080/20080_full.jpg?v=MjAxOC0xMi0xMCAxNjoxNjowMQ==', 165, 1),
(277, 'https://www.simplygames.com/uploads/products/41577/41577_full.jpg?v=MjAxOC0xMi0xMCAxNjoxNjowMQ==', 166, 1),
(278, 'https://www.simplygames.com/uploads/products/42586/42586_full.jpg?v=MjAxOC0xMi0xMCAxNjoxNjowMg==', 167, 1),
(279, 'https://www.simplygames.com/uploads/products/42587/42587_full.jpg?v=MjAxOC0xMi0xMCAxNjoxNjowMg==', 167, 2),
(280, 'https://www.simplygames.com/uploads/products/40559/40559_full.jpg?v=MjAxOC0xMi0xMCAxNjoxNjowMQ==', 168, 1),
(281, 'https://www.simplygames.com/uploads/products/40558/40558_full.jpg?v=MjAxOC0xMi0xMCAxNjoxNjowMQ==', 168, 2),
(282, 'https://www.simplygames.com/uploads/products/20145/20145_full.jpg?v=MjAxOC0xMi0xMCAxNjoxNjowMQ==', 169, 1),
(283, 'https://www.simplygames.com/uploads/products/41585/41585_full.jpg?v=MjAxOC0xMi0xMCAxNjoxNjowMQ==', 170, 1),
(284, 'https://www.simplygames.com/uploads/products/41586/41586_full.jpg?v=MjAxOC0xMi0xMCAxNjoxNjowMQ==', 170, 2),
(285, 'https://www.simplygames.com/uploads/products/41184/41184_full.jpg?v=MjAxOC0xMi0xMCAxNjoxNjowMQ==', 171, 1),
(286, 'https://www.simplygames.com/uploads/products/42601/42601_full.jpg?v=MjAxOC0xMi0xMCAxNjoxNjowMg==', 172, 1),
(287, 'https://www.simplygames.com/uploads/products/42602/42602_full.jpg?v=MjAxOC0xMi0xMCAxNjoxNjowMg==', 172, 2),
(288, 'https://www.simplygames.com/uploads/products/42493/42493_full.jpg?v=MjAxOC0xMi0xMCAxNjoxNjowMg==', 173, 1),
(289, 'https://www.simplygames.com/uploads/products/41794/41794_full.jpg?v=MjAxOC0xMi0xMCAxNjoxNjowMQ==', 174, 1),
(290, 'https://www.simplygames.com/uploads/products/41927/41927_full.jpg?v=MjAxOC0xMi0xMCAxNjoxNjowMQ==', 175, 1),
(291, 'https://www.simplygames.com/uploads/products/41819/41819_full.jpg?v=MjAxOC0xMi0xMCAxNjoxNjowMQ==', 176, 1),
(292, 'https://www.simplygames.com/uploads/products/41834/41834_full.jpg?v=MjAxOC0xMi0xMCAxNjoxNjowMQ==', 177, 1),
(293, 'https://www.simplygames.com/uploads/products/41842/41842_full.jpg?v=MjAxOC0xMi0xMCAxNjoxNjowMQ==', 178, 1),
(294, 'https://www.simplygames.com/uploads/products/41954/41954_full.jpg?v=MjAxOC0xMi0xMCAxNjoxNjowMQ==', 179, 1),
(295, 'https://www.simplygames.com/uploads/products/41965/41965_full.jpg?v=MjAxOC0xMi0xMCAxNjoxNjowMQ==', 180, 1),
(296, 'https://www.simplygames.com/uploads/products/41880/41880_full.jpg?v=MjAxOC0xMi0xMCAxNjoxNjowMQ==', 181, 1),
(297, 'https://www.simplygames.com/uploads/products/41881/41881_full.jpg?v=MjAxOC0xMi0xMCAxNjoxNjowMQ==', 181, 2),
(298, 'https://www.simplygames.com/uploads/products/41890/41890_full.jpg?v=MjAxOC0xMi0xMCAxNjoxNjowMQ==', 182, 1),
(299, 'https://www.simplygames.com/uploads/products/41849/41849_full.jpg?v=MjAxOC0xMi0xMCAxNjoxNjowMQ==', 182, 2),
(300, 'https://www.simplygames.com/uploads/products/41905/41905_full.jpg?v=MjAxOC0xMi0xMCAxNjoxNjowMQ==', 183, 1),
(301, 'https://www.simplygames.com/uploads/products/41906/41906_full.jpg?v=MjAxOC0xMi0xMCAxNjoxNjowMQ==', 183, 2),
(302, 'https://www.simplygames.com/uploads/products/41770/41770_full.jpg?v=MjAxOC0xMi0xMCAxNjoxNjowMQ==', 184, 1),
(303, 'https://www.simplygames.com/uploads/products/41771/41771_full.jpg?v=MjAxOC0xMi0xMCAxNjoxNjowMQ==', 184, 2),
(304, 'https://www.simplygames.com/uploads/products/42121/42121_full.jpg?v=MjAxOC0xMi0xMCAxNjoxNjowMg==', 185, 1),
(305, 'https://www.simplygames.com/uploads/products/42004/42004_full.jpg?v=MjAxOC0xMi0xMCAxNjoxNjowMg==', 186, 1),
(306, 'https://www.simplygames.com/uploads/products/42005/42005_full.jpg?v=MjAxOC0xMi0xMCAxNjoxNjowMg==', 186, 2),
(307, 'https://www.simplygames.com/uploads/products/42137/42137_full.jpg?v=MjAxOC0xMi0xMCAxNjoxNjowMQ==', 187, 1),
(308, 'https://www.simplygames.com/uploads/products/42138/42138_full.jpg?v=MjAxOC0xMi0xMCAxNjoxNjowMg==', 187, 2),
(309, 'https://www.simplygames.com/uploads/products/42012/42012_full.jpg?v=MjAxOC0xMi0xMCAxNjoxNjowMQ==', 188, 1),
(310, 'https://www.simplygames.com/uploads/products/42027/42027_full.jpg?v=MjAxOC0xMi0xMCAxNjoxNjowMQ==', 189, 1),
(311, 'https://www.simplygames.com/uploads/products/42028/42028_full.jpg?v=MjAxOC0xMi0xMCAxNjoxNjowMQ==', 189, 2),
(312, 'https://www.simplygames.com/uploads/products/42045/42045_full.jpg?v=MjAxOC0xMi0xMCAxNjoxNjowMg==', 190, 1),
(313, 'https://www.simplygames.com/uploads/products/42046/42046_full.jpg?v=MjAxOC0xMi0xMCAxNjoxNjowMg==', 190, 2),
(314, 'https://www.simplygames.com/uploads/products/42055/42055_full.jpg?v=MjAxOC0xMi0xMCAxNjoxNjowMg==', 191, 1),
(315, 'https://www.simplygames.com/uploads/products/42056/42056_full.jpg?v=MjAxOC0xMi0xMCAxNjoxNjowMg==', 191, 2),
(316, 'https://www.simplygames.com/uploads/products/42066/42066_full.jpg?v=MjAxOC0xMi0xMCAxNjoxNjowMg==', 192, 1),
(317, 'https://www.simplygames.com/uploads/products/42067/42067_full.jpg?v=MjAxOC0xMi0xMCAxNjoxNjowMg==', 192, 2),
(318, 'https://www.simplygames.com/uploads/products/42224/42224_full.jpg?v=MjAxOC0xMi0xMCAxNjoxNjowMg==', 193, 1),
(319, 'https://www.simplygames.com/uploads/products/42225/42225_full.jpg?v=MjAxOC0xMi0xMCAxNjoxNjowMg==', 193, 2),
(320, 'https://www.simplygames.com/uploads/products/42082/42082_full.jpg?v=MjAxOC0xMi0xMCAxNjoxNjowMg==', 194, 1),
(321, 'https://www.simplygames.com/uploads/products/42081/42081_full.jpg?v=MjAxOC0xMi0xMCAxNjoxNjowMg==', 194, 2),
(322, 'https://www.simplygames.com/uploads/products/42093/42093_full.jpg?v=MjAxOC0xMi0xMCAxNjoxNjowMg==', 195, 1),
(323, 'https://www.simplygames.com/uploads/products/42100/42100_full.jpg?v=MjAxOC0xMi0xMCAxNjoxNjowMg==', 196, 1),
(324, 'https://www.simplygames.com/uploads/products/41990/41990_full.jpg?v=MjAxOC0xMi0xMCAxNjoxNjowMQ==', 197, 1),
(325, 'https://www.simplygames.com/uploads/products/42110/42110_full.jpg?v=MjAxOC0xMi0xMCAxNjoxNjowMg==', 198, 1),
(326, 'https://www.simplygames.com/uploads/products/42111/42111_full.jpg?v=MjAxOC0xMi0xMCAxNjoxNjowMg==', 198, 2),
(327, 'https://www.simplygames.com/uploads/products/42401/42401_full.jpg?v=MjAxOC0xMi0xMCAxNjoxNjowMg==', 199, 1),
(328, 'https://www.simplygames.com/uploads/products/42409/42409_full.jpg?v=MjAxOC0xMi0xMCAxNjoxNjowMg==', 200, 1),
(329, 'https://www.simplygames.com/uploads/products/42410/42410_full.jpg?v=MjAxOC0xMi0xMCAxNjoxNjowMg==', 200, 2),
(330, 'https://www.simplygames.com/uploads/products/42287/42287_full.jpg?v=MjAxOC0xMi0xMCAxNjoxNjowMg==', 201, 1),
(331, 'https://www.simplygames.com/uploads/products/42288/42288_full.jpg?v=MjAxOC0xMi0xMCAxNjoxNjowMg==', 201, 2),
(332, 'https://www.simplygames.com/uploads/products/42419/42419_full.jpg?v=MjAxOC0xMi0xMCAxNjoxNjowMg==', 202, 1),
(333, 'https://www.simplygames.com/uploads/products/42420/42420_full.jpg?v=MjAxOC0xMi0xMCAxNjoxODowNA==', 202, 2),
(334, 'https://www.simplygames.com/uploads/products/42300/42300_full.jpg?v=MjAxOC0xMi0xMCAxNjoxODowNA==', 203, 1),
(335, 'https://www.simplygames.com/uploads/products/42301/42301_full.jpg?v=MjAxOC0xMi0xMCAxNjoxODowNA==', 203, 2),
(336, 'https://www.simplygames.com/uploads/products/42311/42311_full.jpg?v=MjAxOC0xMi0xMCAxNjoxODowNA==', 204, 1),
(337, 'https://www.simplygames.com/uploads/products/42310/42310_full.jpg?v=MjAxOC0xMi0xMCAxNjoxODowNA==', 204, 2),
(338, 'https://www.simplygames.com/uploads/products/42322/42322_full.jpg?v=MjAxOC0xMi0xMCAxNjoxODowNA==', 205, 1),
(339, 'https://www.simplygames.com/uploads/products/42323/42323_full.jpg?v=MjAxOC0xMi0xMCAxNjoxODowNA==', 205, 2),
(340, 'https://www.simplygames.com/uploads/products/42448/42448_full.jpg?v=MjAxOC0xMi0xMCAxNjoxODowNA==', 206, 1),
(341, 'https://www.simplygames.com/uploads/products/42449/42449_full.jpg?v=MjAxOC0xMi0xMCAxNjoxODowNA==', 206, 2),
(342, 'https://www.simplygames.com/uploads/products/42481/42481_full.jpg?v=MjAxOC0xMi0xMCAxNjoxODowNA==', 207, 1),
(343, 'https://www.simplygames.com/uploads/products/42249/42249_full.jpg?v=MjAxOC0xMi0xMCAxNjoxODowNA==', 208, 1),
(344, 'https://www.simplygames.com/uploads/products/42250/42250_full.jpg?v=MjAxOC0xMi0xMCAxNjoxODowNA==', 208, 2),
(345, 'https://www.simplygames.com/uploads/products/42386/42386_full.jpg?v=MjAxOC0xMi0xMCAxNjoxODowNA==', 209, 1),
(346, 'https://www.simplygames.com/uploads/products/42387/42387_full.jpg?v=MjAxOC0xMi0xMCAxNjoxODowNA==', 209, 2),
(347, 'https://www.simplygames.com/uploads/products/42496/42496_full.jpg?v=MjAxOC0xMi0xMCAxNjoxODowNA==', 210, 1),
(348, 'https://www.simplygames.com/uploads/products/42497/42497_full.jpg?v=MjAxOC0xMi0xMCAxNjoxODowNA==', 210, 2),
(349, 'https://www.simplygames.com/uploads/products/20291/20291_full.jpg?v=MjAxOC0xMi0xMCAxNjoxODowNA==', 211, 1),
(350, 'https://www.simplygames.com/uploads/products/20292/20292_full.jpg?v=MjAxOC0xMi0xMCAxNjoxODowNA==', 211, 2),
(351, 'https://www.simplygames.com/uploads/products/41242/41242_full.jpg?v=MjAxOC0xMi0xMCAxNjoxODowNA==', 212, 1),
(352, 'https://www.simplygames.com/uploads/products/42310/42310_full.jpg?v=MjAxOC0xMi0xMCAxNjoxODowNA==', 212, 2),
(353, 'https://www.simplygames.com/uploads/products/42615/42615_full.jpg?v=MjAxOC0xMi0xMCAxNjoxODowNA==', 213, 1),
(354, 'https://www.simplygames.com/uploads/products/42616/42616_full.jpg?v=MjAxOC0xMi0xMCAxNjoxODowNA==', 213, 2),
(355, 'https://www.simplygames.com/uploads/products/42506/42506_full.jpg?v=MjAxOC0xMi0xMCAxNjoxODowNA==', 214, 1),
(356, 'https://www.simplygames.com/uploads/products/42507/42507_full.jpg?v=MjAxOC0xMi0xMCAxNjoxODowNA==', 214, 2),
(357, 'https://www.simplygames.com/uploads/products/40775/40775_full.jpg?v=MjAxOC0xMi0xMCAxNjoxODowNA==', 215, 1),
(358, 'https://www.simplygames.com/uploads/products/20341/20341_full.jpg?v=MjAxOC0xMi0xMCAxNjoxODowNA==', 215, 2),
(359, 'https://www.simplygames.com/uploads/products/20517/20517_full.jpg?v=MjAxOC0xMi0xMCAxNjoxODowNA==', 216, 1),
(360, 'https://www.simplygames.com/uploads/products/20516/20516_full.jpg?v=MjAxOC0xMi0xMCAxNjoxODowNA==', 216, 2),
(361, 'https://www.simplygames.com/uploads/products/41650/41650_full.jpg?v=MjAxOC0xMi0xMCAxNjoxODowNA==', 217, 1),
(362, 'https://www.simplygames.com/uploads/products/41651/41651_full.jpg?v=MjAxOC0xMi0xMCAxNjoxODowNA==', 217, 2),
(363, 'https://www.simplygames.com/uploads/products/41291/41291_full.jpg?v=MjAxOC0xMi0xMCAxNjoxODowNA==', 218, 1),
(364, 'https://www.simplygames.com/uploads/products/42643/42643_full.jpg?v=MjAxOC0xMi0xMCAxNjoxODowNA==', 219, 1),
(365, 'https://www.simplygames.com/uploads/products/42644/42644_full.jpg?v=MjAxOC0xMi0xMCAxNjoxODowNA==', 219, 2),
(366, 'https://www.simplygames.com/uploads/products/42516/42516_full.jpg?v=MjAxOC0xMi0xMCAxNjoxODowNA==', 220, 1),
(367, 'https://www.simplygames.com/uploads/products/40850/40850_full.jpg?v=MjAxOC0xMi0xMCAxNjoxODowNA==', 221, 1),
(368, 'https://www.simplygames.com/uploads/products/40851/40851_full.jpg?v=MjAxOC0xMi0xMCAxNjoxODowNA==', 221, 2),
(369, 'https://www.simplygames.com/uploads/products/20589/20589_full.jpg?v=MjAxOC0xMi0xMCAxNjoxODowNA==', 222, 1),
(370, 'https://www.simplygames.com/uploads/products/41663/41663_full.jpg?v=MjAxOC0xMi0xMCAxNjoxODowNA==', 223, 1),
(371, 'https://www.simplygames.com/uploads/products/42656/42656_full.jpg?v=MjAxOC0xMi0xMCAxNjoxODowNA==', 224, 1),
(372, 'https://www.simplygames.com/uploads/products/42655/42655_full.jpg?v=MjAxOC0xMi0xMCAxNjoxODowNA==', 224, 2),
(373, 'https://www.simplygames.com/uploads/products/40871/40871_full.jpg?v=MjAxOC0xMi0xMCAxNjoxODowNA==', 225, 1),
(374, 'https://www.simplygames.com/uploads/products/40870/40870_full.jpg?v=MjAxOC0xMi0xMCAxNjoxODowNA==', 225, 2),
(375, 'https://www.simplygames.com/uploads/products/40100/40100_full.jpg?v=MjAxOC0xMi0xMCAxNjoxODowNA==', 226, 1),
(376, 'https://www.simplygames.com/uploads/products/40104/40104_full.jpg?v=MjAxOC0xMi0xMCAxNjoxODowNA==', 226, 2),
(377, 'https://www.simplygames.com/uploads/products/41677/41677_full.jpg?v=MjAxOC0xMi0xMCAxNjoxODowNA==', 227, 1),
(378, 'https://www.simplygames.com/uploads/products/42662/42662_full.jpg?v=MjAxOC0xMi0xMCAxNjoxODowNA==', 228, 1),
(379, 'https://www.simplygames.com/uploads/products/42668/42668_full.jpg?v=MjAxOC0xMi0xMCAxNjoxODowNA==', 229, 1),
(380, 'https://www.simplygames.com/uploads/products/40143/40143_full.jpg?v=MjAxOC0xMi0xMCAxNjoxODowNA==', 229, 2),
(381, 'https://www.simplygames.com/uploads/products/41696/41696_full.jpg?v=MjAxOC0xMi0xMCAxNjoxODowNA==', 230, 1),
(382, 'https://www.simplygames.com/uploads/products/42669/42669_full.jpg?v=MjAxOC0xMi0xMCAxNjoxODowNA==', 231, 1),
(383, 'https://www.simplygames.com/uploads/products/42546/42546_full.jpg?v=MjAxOC0xMi0xMCAxNjoxODowNA==', 232, 1),
(384, 'https://www.simplygames.com/uploads/products/41020/41020_full.jpg?v=MjAxOC0xMi0xMCAxNjoxODowNA==', 233, 1),
(385, 'https://www.simplygames.com/uploads/products/41021/41021_full.jpg?v=MjAxOC0xMi0xMCAxNjoxODowNA==', 233, 2),
(386, 'https://www.simplygames.com/uploads/products/40279/40279_full.jpg?v=MjAxOC0xMi0xMCAxNjoxODowNA==', 234, 1),
(387, 'https://www.simplygames.com/uploads/products/40280/40280_full.jpg?v=MjAxOC0xMi0xMCAxNjoxODowNA==', 234, 2),
(388, 'https://www.simplygames.com/uploads/products/41711/41711_full.jpg?v=MjAxOC0xMi0xMCAxNjoxODowNA==', 235, 1),
(389, 'https://www.simplygames.com/uploads/products/41712/41712_full.jpg?v=MjAxOC0xMi0xMCAxNjoxODowNA==', 235, 2),
(390, 'https://www.simplygames.com/uploads/products/41498/41498_full.jpg?v=MjAxOC0xMi0xMCAxNjoxODowNA==', 236, 1),
(391, 'https://www.simplygames.com/uploads/products/41499/41499_full.jpg?v=MjAxOC0xMi0xMCAxNjoxODowNA==', 236, 2),
(392, 'https://www.simplygames.com/uploads/products/42686/42686_full.jpg?v=MjAxOC0xMi0xMCAxNjoxODowNA==', 237, 1),
(393, 'https://www.simplygames.com/uploads/products/42555/42555_full.jpg?v=MjAxOC0xMi0xMCAxNjoxODowNA==', 238, 1),
(394, 'https://www.simplygames.com/uploads/products/41057/41057_full.jpg?v=MjAxOC0xMi0xMCAxNjoxODowNA==', 239, 1),
(395, 'https://www.simplygames.com/uploads/products/41058/41058_full.jpg?v=MjAxOC0xMi0xMCAxNjoxODowNA==', 239, 2),
(396, 'https://www.simplygames.com/uploads/products/41721/41721_full.jpg?v=MjAxOC0xMi0xMCAxNjoxODowNA==', 240, 1),
(397, 'https://www.simplygames.com/uploads/products/41722/41722_full.jpg?v=MjAxOC0xMi0xMCAxNjoxODowNA==', 240, 2),
(398, 'https://www.simplygames.com/uploads/products/41526/41526_full.jpg?v=MjAxOC0xMi0xMCAxNjoxODowNA==', 241, 1),
(399, 'https://www.simplygames.com/uploads/products/42734/42734_full.jpg?v=MjAxOC0xMi0xMCAxNjoxODowNA==', 241, 2),
(400, 'https://www.simplygames.com/uploads/products/42694/42694_full.jpg?v=MjAxOC0xMi0xMCAxNjoxODowNA==', 242, 1),
(401, 'https://www.simplygames.com/uploads/products/19942/19942_full.jpg?v=MjAxOC0xMi0xMCAxNjoxODowNA==', 243, 1),
(402, 'https://www.simplygames.com/uploads/products/20114/20114_full.jpg?v=MjAxOC0xMi0xMCAxNjoxODowNA==', 243, 2),
(403, 'https://www.simplygames.com/uploads/products/41933/41933_full.jpg?v=MjAxOC0xMi0xMCAxNjoxODowNA==', 245, 1),
(404, 'https://www.simplygames.com/uploads/products/20117/20117_full.jpg?v=MjAxOC0xMi0xMCAxNjoxODowNA==', 246, 1),
(405, 'https://www.simplygames.com/uploads/products/41813/41813_full.jpg?v=MjAxOC0xMi0xMCAxNjoxODowNA==', 246, 2),
(406, 'https://www.simplygames.com/uploads/products/41578/41578_full.jpg?v=MjAxOC0xMi0xMCAxNjoxODowNA==', 247, 1),
(407, 'https://www.simplygames.com/uploads/products/42490/42490_full.jpg?v=MjAxOC0xMi0xMCAxNjoxODowNA==', 248, 1),
(408, 'https://www.simplygames.com/uploads/products/40560/40560_full.jpg?v=MjAxOC0xMi0xMCAxNjoxODowNA==', 249, 1),
(409, 'https://www.simplygames.com/uploads/products/41590/41590_full.jpg?v=MjAxOC0xMi0xMCAxNjoxODowNA==', 250, 1),
(410, 'https://www.simplygames.com/uploads/products/41591/41591_full.jpg?v=MjAxOC0xMi0xMCAxNjoxODowNA==', 250, 2),
(411, 'https://www.simplygames.com/uploads/products/42604/42604_full.jpg?v=MjAxOC0xMi0xMCAxNjoxODowNA==', 251, 1),
(412, 'https://www.simplygames.com/uploads/products/42605/42605_full.jpg?v=MjAxOC0xMi0xMCAxNjoxODowNA==', 251, 2),
(413, 'https://www.simplygames.com/uploads/products/41916/41916_full.jpg?v=MjAxOC0xMi0xMCAxNjoxODowNA==', 252, 1),
(414, 'https://www.simplygames.com/uploads/products/41917/41917_full.jpg?v=MjAxOC0xMi0xMCAxNjoxODowNA==', 252, 2),
(415, 'https://www.simplygames.com/uploads/products/41784/41784_full.jpg?v=MjAxOC0xMi0xMCAxNjoxODowNA==', 253, 1),
(416, 'https://www.simplygames.com/uploads/products/41785/41785_full.jpg?v=MjAxOC0xMi0xMCAxNjoxODowNA==', 253, 2),
(417, 'https://www.simplygames.com/uploads/products/41923/41923_full.jpg?v=MjAxOC0xMi0xMCAxNjoxODowNA==', 254, 1),
(418, 'https://www.simplygames.com/uploads/products/41929/41929_full.jpg?v=MjAxOC0xMi0xMCAxNjoxODowNA==', 255, 1),
(419, 'https://www.simplygames.com/uploads/products/41944/41944_full.jpg?v=MjAxOC0xMi0xMCAxNjoxODowNA==', 255, 2),
(420, 'https://www.base.com/images/main/ATFLSV3X1.jpg', 148, 2),
(421, 'https://www.simplygames.com/uploads/products/41822/41822_full.jpg?v=MjAxOC0xMi0xMCAxNjoxODowNA==', 256, 1),
(422, 'https://www.simplygames.com/uploads/products/41843/41843_full.jpg?v=MjAxOC0xMi0xMCAxNjoxODowNA==', 257, 1),
(423, 'https://www.simplygames.com/uploads/products/41844/41844_full.jpg?v=MjAxOC0xMi0xMCAxNjoxODowNA==', 257, 2),
(424, 'https://www.simplygames.com/uploads/products/41961/41961_full.jpg?v=MjAxOC0xMi0xMCAxNjoyMDowMg==', 258, 1),
(425, 'https://www.simplygames.com/uploads/products/41962/41962_full.jpg?v=MjAxOC0xMi0xMCAxNjoyMDowMw==', 258, 2),
(426, 'https://www.simplygames.com/uploads/products/41858/41858_full.jpg?v=MjAxOC0xMi0xMCAxNjoyMDowMw==', 259, 1),
(427, 'https://www.simplygames.com/uploads/products/41969/41969_full.jpg?v=MjAxOC0xMi0xMCAxNjoyMDowMw==', 260, 1),
(428, 'https://www.simplygames.com/uploads/products/41869/41869_full.jpg?v=MjAxOC0xMi0xMCAxNjoyMDowMg==', 261, 1),
(429, 'https://www.simplygames.com/uploads/products/41882/41882_full.jpg?v=MjAxOC0xMi0xMCAxNjoyMDowMg==', 262, 1),
(430, 'https://www.simplygames.com/uploads/products/41958/41958_full.jpg?v=MjAxOC0xMi0xMCAxNjoyMDowMw==', 262, 2),
(431, 'https://www.simplygames.com/uploads/products/42707/42707_full.jpg?v=MjAxOC0xMi0xMCAxNjoyMDowMw==', 263, 1),
(432, 'https://www.simplygames.com/uploads/products/42708/42708_full.jpg?v=MjAxOC0xMi0xMCAxNjoyMDowMw==', 263, 2),
(433, 'https://www.simplygames.com/uploads/products/41898/41898_full.jpg?v=MjAxOC0xMi0xMCAxNjoyMDowMw==', 264, 1),
(434, 'https://www.simplygames.com/uploads/products/41908/41908_full.jpg?v=MjAxOC0xMi0xMCAxNjoyMDowMw==', 265, 1),
(435, 'https://www.simplygames.com/uploads/products/42122/42122_full.jpg?v=MjAxOC0xMi0xMCAxNjoyMDowMw==', 266, 1),
(436, 'https://www.simplygames.com/uploads/products/42006/42006_full.jpg?v=MjAxOC0xMi0xMCAxNjoyMDowMw==', 267, 1),
(437, 'https://www.simplygames.com/uploads/products/42007/42007_full.jpg?v=MjAxOC0xMi0xMCAxNjoyMDowMw==', 267, 2),
(438, 'https://www.simplygames.com/uploads/products/42013/42013_full.jpg?v=MjAxOC0xMi0xMCAxNjoyMDowMw==', 268, 1),
(439, 'https://www.simplygames.com/uploads/products/42014/42014_full.jpg?v=MjAxOC0xMi0xMCAxNjoyMDowMw==', 268, 2),
(440, 'https://www.simplygames.com/uploads/products/42164/42164_full.jpg?v=MjAxOC0xMi0xMCAxNjoyMDowMw==', 269, 1),
(441, 'https://www.simplygames.com/uploads/products/42165/42165_full.jpg?v=MjAxOC0xMi0xMCAxNjoyMDowMw==', 269, 2),
(442, 'https://www.simplygames.com/uploads/products/42180/42180_full.jpg?v=MjAxOC0xMi0xMCAxNjoyMDowMw==', 270, 1),
(443, 'https://www.simplygames.com/uploads/products/42168/42168_full.jpg?v=MjAxOC0xMi0xMCAxNjoyMDowMw==', 270, 2),
(444, 'https://www.simplygames.com/uploads/products/42047/42047_full.jpg?v=MjAxOC0xMi0xMCAxNjoyMDowMw==', 271, 1),
(445, 'https://www.simplygames.com/uploads/products/42048/42048_full.jpg?v=MjAxOC0xMi0xMCAxNjoyMDowMw==', 271, 2),
(446, 'https://www.simplygames.com/uploads/products/42059/42059_full.jpg?v=MjAxOC0xMi0xMCAxNjoyMDowMw==', 272, 1),
(447, 'https://www.simplygames.com/uploads/products/42083/42083_full.jpg?v=MjAxOC0xMi0xMCAxNjoyMDowMw==', 273, 1);
INSERT INTO `productimage` (`id`, `image`, `product_id`, `format_id`) VALUES
(448, 'https://www.simplygames.com/uploads/products/42084/42084_full.jpg?v=MjAxOC0xMi0xMCAxNjoyMDowMw==', 273, 2),
(449, 'https://www.simplygames.com/uploads/products/42094/42094_full.jpg?v=MjAxOC0xMi0xMCAxNjoyMDowMw==', 274, 1),
(450, 'https://www.simplygames.com/uploads/products/42095/42095_full.jpg?v=MjAxOC0xMi0xMCAxNjoyMDowMw==', 274, 2),
(451, 'https://www.simplygames.com/uploads/products/42101/42101_full.jpg?v=MjAxOC0xMi0xMCAxNjoyMDowMw==', 275, 1),
(452, 'https://www.simplygames.com/uploads/products/42102/42102_full.jpg?v=MjAxOC0xMi0xMCAxNjoyMDowMw==', 275, 2),
(453, 'https://www.simplygames.com/uploads/products/42114/42114_full.jpg?v=MjAxOC0xMi0xMCAxNjoyMDowMw==', 276, 1),
(454, 'https://www.simplygames.com/uploads/products/42115/42115_full.jpg?v=MjAxOC0xMi0xMCAxNjoyMDowMw==', 276, 2),
(455, 'https://www.simplygames.com/uploads/products/42402/42402_full.jpg?v=MjAxOC0xMi0xMCAxNjoyMDowMw==', 277, 1),
(456, 'https://www.simplygames.com/uploads/products/40695/40695_full.jpg?v=MjAxOC0xMi0xMCAxNjoyMDowMg==', 277, 2),
(457, 'https://www.simplygames.com/uploads/products/42278/42278_full.jpg?v=MjAxOC0xMi0xMCAxNjoyMDowMw==', 278, 1),
(458, 'https://www.simplygames.com/uploads/products/42279/42279_full.jpg?v=MjAxOC0xMi0xMCAxNjoyMDowMw==', 278, 2),
(459, 'https://www.simplygames.com/uploads/products/42412/42412_full.jpg?v=MjAxOC0xMi0xMCAxNjoyMDowMw==', 279, 1),
(460, 'https://www.simplygames.com/uploads/products/42413/42413_full.jpg?v=MjAxOC0xMi0xMCAxNjoyMDowMw==', 279, 2),
(461, 'https://www.simplygames.com/uploads/products/42290/42290_full.jpg?v=MjAxOC0xMi0xMCAxNjoyMDowMw==', 280, 1),
(462, 'https://www.simplygames.com/uploads/products/42291/42291_full.jpg?v=MjAxOC0xMi0xMCAxNjoyMDowMw==', 280, 2),
(463, 'https://www.simplygames.com/uploads/products/42421/42421_full.jpg?v=MjAxOC0xMi0xMCAxNjoyMDowMw==', 281, 1),
(464, 'https://www.simplygames.com/uploads/products/42302/42302_full.jpg?v=MjAxOC0xMi0xMCAxNjoyMDowMw==', 282, 1),
(465, 'https://www.simplygames.com/uploads/products/42428/42428_full.jpg?v=MjAxOC0xMi0xMCAxNjoyMDowMw==', 283, 1),
(466, 'https://www.simplygames.com/uploads/products/42429/42429_full.jpg?v=MjAxOC0xMi0xMCAxNjoyMDowMw==', 283, 2),
(467, 'https://www.simplygames.com/uploads/products/42312/42312_full.jpg?v=MjAxOC0xMi0xMCAxNjoyMDowMw==', 284, 1),
(468, 'https://www.simplygames.com/uploads/products/42313/42313_full.jpg?v=MjAxOC0xMi0xMCAxNjoyMDowMw==', 284, 2),
(469, 'https://i6.onbuy.com/product/57f2a4df97034b70890ac5b556722440-m1533362.jpg', 135, 2),
(470, 'https://www.simplygames.com/uploads/products/42438/42438_full.jpg?v=MjAxOC0xMi0xMCAxNjoyMDowMw==', 285, 1),
(471, 'https://www.simplygames.com/uploads/products/42463/42463_full.jpg?v=MjAxOC0xMi0xMCAxNjoyMDowMw==', 286, 1),
(472, 'https://www.simplygames.com/uploads/products/42464/42464_full.jpg?v=MjAxOC0xMi0xMCAxNjoyMDowMw==', 286, 2),
(473, 'https://www.simplygames.com/uploads/products/42483/42483_full.jpg?v=MjAxOC0xMi0xMCAxNjoyMDowMw==', 287, 1),
(474, 'https://www.simplygames.com/uploads/products/42264/42264_full.jpg?v=MjAxOC0xMi0xMCAxNjoyMDowMw==', 288, 1),
(475, 'https://www.simplygames.com/uploads/products/42265/42265_full.jpg?v=MjAxOC0xMi0xMCAxNjoyMDowMw==', 288, 2),
(476, 'https://www.simplygames.com/uploads/products/42607/42607_full.jpg?v=MjAxOC0xMi0xMCAxNjoyMDowMw==', 289, 1),
(477, 'https://www.simplygames.com/uploads/products/42500/42500_full.jpg?v=MjAxOC0xMi0xMCAxNjoyMDowMw==', 290, 1),
(478, 'https://www.simplygames.com/uploads/products/40744/40744_full.jpg?v=MjAxOC0xMi0xMCAxNjoyMDowMg==', 291, 1),
(479, 'https://www.simplygames.com/uploads/products/40745/40745_full.jpg?v=MjAxOC0xMi0xMCAxNjoyMDowMg==', 291, 2),
(480, 'https://www.simplygames.com/uploads/products/20410/20410_full.jpg?v=MjAxOC0xMi0xMCAxNjoyMDowMg==', 292, 1),
(481, 'https://www.simplygames.com/uploads/products/41635/41635_full.jpg?v=MjAxOC0xMi0xMCAxNjoyMDowMw==', 293, 1),
(482, 'https://www.simplygames.com/uploads/products/42509/42509_full.jpg?v=MjAxOC0xMi0xMCAxNjoyMDowMw==', 295, 1),
(483, 'https://www.simplygames.com/uploads/products/42510/42510_full.jpg?v=MjAxOC0xMi0xMCAxNjoyMDowMw==', 295, 2),
(484, 'https://www.simplygames.com/uploads/products/40779/40779_full.jpg?v=MjAxOC0xMi0xMCAxNjoyMDowMg==', 296, 1),
(485, 'https://www.simplygames.com/uploads/products/40780/40780_full.jpg?v=MjAxOC0xMi0xMCAxNjoyMDowMg==', 296, 2),
(486, 'https://www.simplygames.com/uploads/products/41655/41655_full.jpg?v=MjAxOC0xMi0xMCAxNjoyMDowMw==', 297, 1),
(487, 'https://www.simplygames.com/uploads/products/41656/41656_full.jpg?v=MjAxOC0xMi0xMCAxNjoyMDowMw==', 297, 2),
(488, 'https://www.simplygames.com/uploads/products/41312/41312_full.jpg?v=MjAxOC0xMi0xMCAxNjoyMDowMg==', 298, 1),
(489, 'https://www.simplygames.com/uploads/products/41313/41313_full.jpg?v=MjAxOC0xMi0xMCAxNjoyMDowMg==', 298, 2),
(490, 'https://www.simplygames.com/uploads/products/42646/42646_full.jpg?v=MjAxOC0xMi0xMCAxNjoyMDowMw==', 299, 1),
(491, 'https://www.simplygames.com/uploads/products/42645/42645_full.jpg?v=MjAxOC0xMi0xMCAxNjoyMDowMw==', 299, 2),
(492, 'https://www.simplygames.com/uploads/products/20606/20606_full.jpg?v=MjAxOC0xMi0xMCAxNjoyMDowMg==', 300, 1),
(493, 'https://www.simplygames.com/uploads/products/20607/20607_full.jpg?v=MjAxOC0xMi0xMCAxNjoyMDowMg==', 300, 2),
(494, 'https://www.simplygames.com/uploads/products/41667/41667_full.jpg?v=MjAxOC0xMi0xMCAxNjoyMDowMw==', 301, 1),
(495, 'https://www.simplygames.com/uploads/products/41346/41346_full.jpg?v=MjAxOC0xMi0xMCAxNjoyMDowMg==', 302, 1),
(496, 'https://www.simplygames.com/uploads/products/42531/42531_full.jpg?v=MjAxOC0xMi0xMCAxNjoyMDowMw==', 303, 1),
(497, 'https://www.simplygames.com/uploads/products/40874/40874_full.jpg?v=MjAxOC0xMi0xMCAxNjoyMDowMg==', 304, 1),
(498, 'https://www.simplygames.com/uploads/products/40875/40875_full.jpg?v=MjAxOC0xMi0xMCAxNjoyMDowMg==', 304, 2),
(499, 'https://www.simplygames.com/uploads/products/41680/41680_full.jpg?v=MjAxOC0xMi0xMCAxNjoyMDowMg==', 305, 1),
(500, 'https://www.simplygames.com/uploads/products/42663/42663_full.jpg?v=MjAxOC0xMi0xMCAxNjoyMDowMw==', 306, 1),
(501, 'https://www.simplygames.com/uploads/products/42537/42537_full.jpg?v=MjAxOC0xMi0xMCAxNjoyMDowMw==', 307, 1),
(502, 'https://www.simplygames.com/uploads/products/42538/42538_full.jpg?v=MjAxOC0xMi0xMCAxNjoyMDowMw==', 307, 2),
(503, 'https://www.simplygames.com/uploads/products/41698/41698_full.jpg?v=MjAxOC0xMi0xMCAxNjoyMDowMg==', 309, 1),
(504, 'https://www.simplygames.com/uploads/products/41699/41699_full.jpg?v=MjAxOC0xMi0xMCAxNjoyMDowMw==', 309, 2),
(505, 'https://www.simplygames.com/uploads/products/41469/41469_full.jpg?v=MjAxOC0xMi0xMCAxNjoyMDowMg==', 310, 1),
(506, 'https://www.simplygames.com/uploads/products/40342/40342_full.jpg?v=MjAxOC0xMi0xMCAxNjoyMDowMg==', 311, 1),
(507, 'https://www.simplygames.com/uploads/products/41715/41715_full.jpg?v=MjAxOC0xMi0xMCAxNjoyMDowMw==', 312, 1),
(508, 'https://www.simplygames.com/uploads/products/41508/41508_full.jpg?v=MjAxOC0xMi0xMCAxNjoyMDowMg==', 313, 1),
(509, 'https://www.simplygames.com/uploads/products/41509/41509_full.jpg?v=MjAxOC0xMi0xMCAxNjoyMDowMg==', 313, 2),
(510, 'https://www.simplygames.com/uploads/products/42688/42688_full.jpg?v=MjAxOC0xMi0xMCAxNjoyMDowMw==', 314, 1),
(511, 'https://www.simplygames.com/uploads/products/41063/41063_full.jpg?v=MjAxOC0xMi0xMCAxNjoyMDowMg==', 315, 1),
(512, 'https://www.simplygames.com/uploads/products/40504/40504_full.jpg?v=MjAxOC0xMi0xMCAxNjoyMjowMw==', 316, 1),
(513, 'https://www.simplygames.com/uploads/products/41727/41727_full.jpg?v=MjAxOC0xMi0xMCAxNjoyMjowMw==', 317, 1),
(514, 'https://www.simplygames.com/uploads/products/41561/41561_full.jpg?v=MjAxOC0xMi0xMCAxNjoyMjowMw==', 318, 1),
(515, 'https://www.simplygames.com/uploads/products/41562/41562_full.jpg?v=MjAxOC0xMi0xMCAxNjoyMjowMw==', 318, 2),
(516, 'https://www.simplygames.com/uploads/products/40529/40529_full.jpg?v=MjAxOC0xMi0xMCAxNjoyMjowMw==', 320, 1),
(517, 'https://www.simplygames.com/uploads/products/40530/40530_full.jpg?v=MjAxOC0xMi0xMCAxNjoyMjowMw==', 320, 2),
(518, 'https://www.simplygames.com/uploads/products/20063/20063_full.jpg?v=MjAxOC0xMi0xMCAxNjoyMjowMw==', 321, 1),
(519, 'https://www.simplygames.com/uploads/products/41573/41573_full.jpg?v=MjAxOC0xMi0xMCAxNjoyMjowMw==', 322, 1),
(520, 'https://www.simplygames.com/uploads/products/41574/41574_full.jpg?v=MjAxOC0xMi0xMCAxNjoyMjowMw==', 322, 2),
(521, 'https://www.simplygames.com/uploads/products/42487/42487_full.jpg?v=MjAxOC0xMi0xMCAxNjoyMjowMw==', 323, 1),
(522, 'https://www.simplygames.com/uploads/products/40540/40540_full.jpg?v=MjAxOC0xMi0xMCAxNjoyMjowMw==', 324, 1),
(523, 'https://www.simplygames.com/uploads/products/40539/40539_full.jpg?v=MjAxOC0xMi0xMCAxNjoyMjowMw==', 324, 2),
(524, 'https://www.simplygames.com/uploads/products/42021/42021_full.jpg?v=MjAxOC0xMi0xMCAxNjoyMjowMw==', 325, 1),
(525, 'https://www.simplygames.com/uploads/products/41955/41955_full.jpg?v=MjAxOC0xMi0xMCAxNjoyMjowMw==', 325, 2),
(526, 'https://www.simplygames.com/uploads/products/41579/41579_full.jpg?v=MjAxOC0xMi0xMCAxNjoyMjowMw==', 326, 1),
(527, 'https://www.simplygames.com/uploads/products/42491/42491_full.jpg?v=MjAxOC0xMi0xMCAxNjoyMjowMw==', 327, 1),
(528, 'https://www.simplygames.com/uploads/products/40585/40585_full.jpg?v=MjAxOC0xMi0xMCAxNjoyMjowMw==', 328, 1),
(529, 'https://www.simplygames.com/uploads/products/42230/42230_full.jpg?v=MjAxOC0xMi0xMCAxNjoyMjowMw==', 328, 2),
(530, 'https://www.simplygames.com/uploads/products/41596/41596_full.jpg?v=MjAxOC0xMi0xMCAxNjoyMjowMw==', 329, 1),
(531, 'https://www.simplygames.com/uploads/products/41597/41597_full.jpg?v=MjAxOC0xMi0xMCAxNjoyMjowMw==', 329, 2),
(532, 'https://www.simplygames.com/uploads/products/41899/41899_full.jpg?v=MjAxOC0xMi0xMCAxNjoyMjowMw==', 330, 1),
(533, 'https://www.simplygames.com/uploads/products/41918/41918_full.jpg?v=MjAxOC0xMi0xMCAxNjoyMjowMw==', 331, 1),
(534, 'https://www.simplygames.com/uploads/products/41788/41788_full.jpg?v=MjAxOC0xMi0xMCAxNjoyMjowMw==', 332, 1),
(535, 'https://www.simplygames.com/uploads/products/41924/41924_full.jpg?v=MjAxOC0xMi0xMCAxNjoyMjowMw==', 333, 1),
(536, 'https://www.simplygames.com/uploads/products/41930/41930_full.jpg?v=MjAxOC0xMi0xMCAxNjoyMjowMw==', 335, 1),
(537, 'https://www.simplygames.com/uploads/products/41051/41051_full.jpg?v=MjAxOC0xMi0xMCAxNjoyMjowMw==', 335, 2),
(538, 'https://www.simplygames.com/uploads/products/41827/41827_full.jpg?v=MjAxOC0xMi0xMCAxNjoyMjowMw==', 336, 1),
(539, 'https://www.simplygames.com/uploads/products/41828/41828_full.jpg?v=MjAxOC0xMi0xMCAxNjoyMjowMw==', 336, 2),
(540, 'https://www.simplygames.com/uploads/products/41940/41940_full.jpg?v=MjAxOC0xMi0xMCAxNjoyMjowMw==', 337, 1),
(541, 'https://www.simplygames.com/uploads/products/41941/41941_full.jpg?v=MjAxOC0xMi0xMCAxNjoyMjowMw==', 337, 2),
(542, 'https://www.simplygames.com/uploads/products/41836/41836_full.jpg?v=MjAxOC0xMi0xMCAxNjoyMjowMw==', 338, 1),
(543, 'https://i26.onbuy.com/product/73865f8aa8ec45959fe6a5dddfef6b3a-m10473018.jpg', 162, 2),
(544, 'https://i24.onbuy.com/product/05c8edbcca714b03ba7ca9a854509fd5-m8575130.jpg', 163, 2),
(545, 'https://i3.onbuy.com/product/62777548691e4705be82ff6529060d75-m1533825.jpg', 223, 2),
(546, 'https://www.base.com/images/main/HACKPS4.jpg', 334, 1),
(547, 'https://i19.onbuy.com/product/930ea605c4524288b780eb65b0a6ea6d-m1533717.jpg', 302, 2),
(548, 'https://i15.onbuy.com/product/2be110109208458d8a67fd42536cd9f7-m10825761.jpg', 308, 1),
(549, 'https://i15.onbuy.com/product/2be110109208458d8a67fd42536cd9f7-m10825761.jpg', 308, 2),
(550, 'https://i17.onbuy.com/product/6884ce11c3304571b620849cfb79bef7-m1844188.jpg', 332, 2);

-- --------------------------------------------------------

--
-- Table structure for table `retailer`
--

CREATE TABLE `retailer` (
  `id` int(11) NOT NULL,
  `name` varchar(200) NOT NULL
) ENGINE=InnoDB DEFAULT CHARSET=latin1;

--
-- Dumping data for table `retailer`
--

INSERT INTO `retailer` (`id`, `name`) VALUES
(1, 'SimplyGames'),
(2, 'Ebay'),
(3, 'Argos'),
(4, 'OnBuy'),
(5, 'Base');

-- --------------------------------------------------------

--
-- Table structure for table `retailerprice`
--

CREATE TABLE `retailerprice` (
  `id` int(11) NOT NULL,
  `price` decimal(5,2) NOT NULL,
  `url` text NOT NULL,
  `product_id` int(11) NOT NULL,
  `retailer_id` int(11) NOT NULL,
  `productimage_id` int(11) NOT NULL
) ENGINE=InnoDB DEFAULT CHARSET=latin1;

--
-- Dumping data for table `retailerprice`
--

INSERT INTO `retailerprice` (`id`, `price`, `url`, `product_id`, `retailer_id`, `productimage_id`) VALUES
(1, '39.85', 'https://www.simplygames.com/p/call-of-duty-black-ops-4-ps4', 1, 1, 1),
(2, '49.99', 'https://www.argos.co.uk/product/8108375', 1, 3, 1),
(3, '44.85', 'https://www.simplygames.com/p/call-of-duty-black-ops-4-xbox-one', 1, 1, 2),
(4, '49.99', 'https://www.argos.co.uk/product/8108399', 1, 3, 2),
(5, '54.16', 'https://www.onbuy.com/gb/ps4-games/call-of-duty-black-ops-4-specialist-edition-ps4-game~c3157~p6572161/', 1, 4, 1),
(6, '41.85', 'https://www.simplygames.com/p/just-cause-4-ps4', 2, 1, 3),
(7, '39.85', 'https://www.base.com/buy/product/just-cause-4-ps4/dgc-justcs4ps4.htm', 2, 5, 3),
(8, '47.99', 'https://www.argos.co.uk/product/8658447', 2, 3, 3),
(9, '54.86', 'https://www.onbuy.com/gb/xbox-one-games/call-of-duty-black-ops-4-xbox-one~c3161~p6494693/', 1, 4, 2),
(10, '45.15', 'https://pulsar.ebay.co.uk/plsr/clk/0/SADS/9?pld=%7B%22mecs%22%3A%221736823728109996cedeb8b04718a5f47c8e16b9edc9%22%2C%22enc%22%3A%22AQADAAAC8BkojIFHYtWT%2BANpG6F7t2FRYNCxdsgmjyKPQX1BINgxiNgltV01TzNRxQqcLoIOFylMfaBubBxd%2FXfTqgCdJfc%2FbDmZfATnj3PzIGRRGWhO3QsuBihet7ZbOWljKyeEKE7db7gv%2F7WzeIAIbGnV6I4861lW3Xb9to%2BHm3P1iC6BM7yH7UQn7jWBwp7u8QepUj9qC9hcJLyulWpMHcRHMtC8uNdMSu6OqGAqO%2FB3aDZIXYGoTXzJHaC3XvLu4Pa%2FlOmRLD31L3H%2FuXS1EKMz7rsg4TMe1Dy7588PpKOfMDz4o4t%2Fau%2BTk%2BAyTOUWziXKOEuOLqK%2BsxkUw%2BbrV74AT8VQXtUADzohytnsqGF%2FkPI5MetvraqhbhsjHw8%2BlI%2BcBUhh3mBp2YZ9p9gx1DZ8RnFRb56C%2F1iBWMyZWsT4BWZ2%2FkIxTWJ%2BuwTQarao7EQiFIDXb%2Bw2kIqh69%2B75uzYK%2BhwifzaxRi1epyCe80iAuEqJ5YQyAV68AO94dmd3TNZtHwTxjAwDgS0nLeIYI3XfdXIPgdJKN%2F3SAEVrAGAEQxEL9url6hsGMf%2B5jxMeBTwADMU3oQyCgRl8z9Z0B6H34luqu85CqkJX4t%2BgMGPvOM4Y5mGpeo10pGqtNA5gR2Cvj96enPPsbUARIs5t2rmf%2BnABGYehd%2F4Bee7dXDOdiJn3ixtQFjYfI4oKTpehTOIaWhbKYDhS1WknRIGI%2FMvvr6ZRlewJ0ZDg2fXdQULnMXEtkBzcUfBBOXl%2FO0%2FYOZYvukfiHA5Wa1Jx9o6YWRMfAx6f6tpY6q1Lc%2BHlZRBC4rmznnb%2FNRzQrw1hGylOFRISqKqt%2BDVr2j3zyyhNK0g%2F3Nv%2B4XFdKzzopNrr7X9M0kWo%2Bi%2BLM%2B3zAnYi8jT6OCJB5ApEdJM3nIbmzkc44l7mtEGFjnfrIs23bdjdI1q%2BPSin4Jn7M0t5JEZB%2FDddCl1FnybIEkVnU2K2%2BH8%2FZiyyijGBHDDBw6m68w367g9okW3%22%7D', 1, 2, 1),
(11, '69.85', 'https://www.base.com/buy/product/just-cause-4-gold-edition-xbox-one/dgc-justcs4gex1.htm', 2, 5, 4),
(12, '44.85', 'https://www.simplygames.com/p/just-cause-4-xbox-one', 2, 1, 4),
(13, '47.99', 'https://www.argos.co.uk/product/8659790', 2, 3, 4),
(14, '39.85', 'https://www.simplygames.com/p/spider-man-ps4', 3, 1, 5),
(15, '49.85', 'https://www.ebay.co.uk/itm/Call-of-Duty-Black-Ops-4-Xbox-One-New-Sealed-UK-PAL-Free-UK-Postage/253863431469?epid=21016424344&hash=item3b1b708d2d:m:mzobmL6KEsrpu_WzHAtcHSA:rk:2:pf:0', 1, 2, 2),
(16, '49.99', 'https://www.argos.co.uk/product/8559199', 3, 3, 5),
(17, '19.85', 'https://www.simplygames.com/p/kingdom-come-deliverance-ps4-42357', 4, 1, 6),
(18, '19.85', 'https://www.simplygames.com/p/kingdom-come-deliverance-xbox-one-42444', 4, 1, 7),
(19, '29.85', 'https://www.simplygames.com/p/lego-dc-super-villains-ps4', 5, 1, 8),
(20, '28.99', 'https://www.argos.co.uk/product/8063403', 4, 3, 7),
(21, '43.99', 'https://www.base.com/buy/product/kingdom-come-deliverance-xbox-one/dgc-kingcdx1.htm', 4, 5, 7),
(22, '34.85', 'https://www.simplygames.com/p/lego-dc-super-villains-xbox-one', 5, 1, 9),
(23, '16.85', 'https://www.simplygames.com/p/battlefield-1-revolution-ps4', 6, 1, 10),
(24, '42.85', 'https://www.ebay.co.uk/itm/Just-Cause-4-PS4/362488769268?hash=item546603aaf4:g:VqsAAOSwdrhb7u5o:rk:2:pf:0', 2, 2, 3),
(25, '16.85', 'https://www.simplygames.com/p/battlefield-1-revolution-xbox-one', 6, 1, 11),
(26, '49.85', 'https://www.simplygames.com/p/red-dead-redemption-2-ps4', 7, 1, 12),
(27, '49.85', 'https://www.simplygames.com/p/red-dead-redemption-2-xbox-one', 7, 1, 13),
(28, '42.85', 'https://www.ebay.co.uk/itm/Just-Cause-4-Xbox-One/382633498746?hash=item5916bbd87a:g:HV8AAOSwcZ1b7u8d:rk:1:pf:0', 2, 2, 4),
(29, '51.99', 'https://www.argos.co.uk/product/8666910', 6, 3, 10),
(30, '51.99', 'https://www.argos.co.uk/product/8508786', 6, 3, 11),
(31, '34.85', 'https://www.base.com/buy/product/battlefield-v-ps4/dgc-bf5ps4.htm', 6, 5, 10),
(32, '39.85', 'https://www.simplygames.com/p/fifa-19-ps4', 8, 1, 14),
(33, '42.86', 'https://www.onbuy.com/gb/ps4-games/lego-dc-super-villains-ps4-game-pre-order~c3157~p6442869/', 5, 4, 8),
(34, '34.85', 'https://www.base.com/buy/product/battlefield-v-xbox-one/dgc-bf5x1.htm', 6, 5, 11),
(35, '39.85', 'https://www.simplygames.com/p/fifa-19-xbox-one', 8, 1, 15),
(36, '49.99', 'https://www.argos.co.uk/product/8209322', 7, 3, 12),
(37, '34.85', 'https://www.simplygames.com/p/shadow-of-the-tomb-raider--ps4', 9, 1, 16),
(38, '49.99', 'https://www.argos.co.uk/product/8198983', 7, 3, 13),
(39, '34.85', 'https://www.simplygames.com/p/shadow-of-the-tomb-raider--xbox-one', 9, 1, 17),
(40, '54.95', 'https://pulsar.ebay.co.uk/plsr/clk/0/SADS/9?pld=%7B%22mecs%22%3A%22323552999282930720182fce433ab617a289f1c63633%22%2C%22enc%22%3A%22AQADAAAC4BkojIFHYtWT%2BANpG6F7t2Ejth1zHyQoohz7tdvanXDtWAM5EfcjPJQbP3k6iSGuwcNeTzH40XaeS6OEV7Pt05bwX4rL7i2Y8GoTFFhGVNFar4MnZBUb0MxCGtk60XOSWdLXefgITkUnpIEgqUXEBob7E8KvVm5oEPKoOF%2BoXyJ8zZDvJpP8hqNJhjQg7cjfkewiSKEIyU%2BI0oLLATF1AfsG6Xovra%2FkIPzLJX9rM4%2FNKvMqb%2B7UqjPpU2Aqd5B%2FMwOVqUGfet%2Fkh8AHN5rjRZr4TiOWvjgXt9TwtiEFcwbB02XOvrKmnkB5dUN%2FlwbqlWaINoFv04nsljwZnYjZyR1I8v5%2FqJNfUrhvPCFlJryptJ5SOyBjpQG9hIg3e8BMHoVL6BEro2Bucv0cpXKarbjEZE6jom1hPMC9MgjNtC3e5E3Wp%2FG5OHlPZk%2FLFFat3ZBT1xncInIIxspjLtLCrsjM11AKeZ5jPcgRX5d4L300jdYFAZhypdioaCZGHgLXVYI6GF8V3YukFQkTfxj5pqLVQbtE3io8Z14WMWa%2BG1Auqn6hrQfFY8ltcQSB0q0Gk5dcgv19BYJppQbN7SzG6aVEZXnW3MPOn3yz6Y%2B%2BSLvopjAVDiNJGyGReK7RdmfB8CRWyYV%2BP5pS87affkX1pkRCsIOeDEn0GsTUJhPeU4d2vKqQVBTnOzYdXYnY3R2lpifPTLBGtrjn66HcpDEgo2nxmiUKs%2FxszHbXnDeQT26MdbedScOc3vAI2Jjw1gTrbD9TIuuHzNWv0truDVIQMplblvuumi8WQpn%2BZ3H76KxkYkuRhQPxHJl%2Bb5aJ0jKtF8Pmywvv9ZpLV1%2F%2FhjVBfWYQkJuB0WiAJ3xHgmY3OwtngEYrr1lSAXo92SvsmwcXNCBN35YC1WBgz25LQo0fgZDk30tRGWGBIE8RhcT4Ljd7zVL2%2FIgsX9Ma5UDGKgvS9%2FsIL4czLB%2FytzPBkKECE%2FA%3D%22%7D', 3, 2, 5),
(41, '41.85', 'https://www.simplygames.com/p/kingdom-hearts-3-ps4-42001', 10, 1, 18),
(42, '50.29', 'https://www.base.com/buy/product/red-dead-redemption-2-inc-war-horse-and-outlaw-survival-kit-dlc-ps4/dgc-redd2ps4.htm', 7, 5, 12),
(43, '41.85', 'https://www.simplygames.com/p/kingdom-hearts-3-xbox-one', 10, 1, 19),
(44, '51.99', 'https://www.argos.co.uk/product/8639215', 8, 3, 14),
(45, '47.85', 'https://www.base.com/buy/product/red-dead-redemption-2-inc-war-horse-and-outlaw-survival-kit-dlc-xbox-one/dgc-redd2x1.htm', 7, 5, 13),
(46, '58.55', 'https://www.onbuy.com/gb/pc-games/battlefield-v-ps4~c3186~p6602348/', 6, 4, 10),
(47, '51.99', 'https://www.argos.co.uk/product/8636500', 8, 3, 15),
(48, '44.85', 'https://www.simplygames.com/p/assassins-creed-odyssey-ps4', 11, 1, 20),
(49, '39.85', 'https://www.simplygames.com/p/assassins-creed-odyssey-xbox-one', 11, 1, 21),
(50, '24.85', 'https://www.simplygames.com/p/horizon-zero-dawn-complete-edition-ps4', 12, 1, 22),
(51, '47.99', 'https://www.argos.co.uk/product/8653844', 9, 3, 16),
(52, '38.85', 'https://www.base.com/buy/product/fifa-19-ps4/dgc-fifa19ps4.htm', 8, 5, 14),
(53, '41.85', 'https://www.base.com/buy/product/fifa-19-xbox-one/dgc-fifa19x1.htm', 8, 5, 15),
(54, '15.85', 'https://www.simplygames.com/p/shadow-of-the-colossus-ps4', 13, 1, 23),
(55, '32.85', 'https://www.simplygames.com/p/spyro-trilogy-reignited-ps4', 14, 1, 24),
(56, '57.99', 'https://pulsar.ebay.co.uk/plsr/clk/0/SADS/9?pld=%7B%22mecs%22%3A%22183218106112c10673cbbd4742969945b4b415f9b505%22%2C%22enc%22%3A%22AQADAAAC8BkojIFHYtWT%2BANpG6F7t2GlXzyqs%2BebVS6BaeXhE29jwwo8gkX%2FFwpmNMwl7CCgxcK%2FD5WeqSBsmXdaPNAUQ4qVnTomNOIPigxR1VRbi3BdWhBuqHKmiPSpuBiuvimTXgJA6%2FwOi9SosCjXlCxw0OC4amhoq8%2B6Eb1TrO3fHG9QPxML5f9hIBIReca6PMeTdduoCyBkdwxKSgcxxXpmAiaV%2BLkl5bxoapCmEOXcw3a3Dkll8v5u7IaTsXEZo%2FY68yoA%2BJW1vZ6BISP7t7rcCep6YmrgdGys61IdRC4Y%2FjqKUbcEoN7jmd0EgpORGUnBQ4IkEVUKdsdP6HTwtDsQcRjOVlxvjDpuokpnc8YRCbzaWR8WbqnfRf%2Fif2XVZdIbP55naNNDG7mhvMOIW1Gb%2FdCRF7QBYqmDUp9WrnhOPt8vdo1Qp2pkrN%2Bx7sDnJ21MnXh2v7jmOdc5OZ%2B450VyujvHxbAuZc4Mp36yJpMtu%2FnIip6PKZ74s8QA05V69zQ2IR38TAF%2BgwgmKDsmb8mKih4xw0W6iUQHfuX05CNjg8eofqlAqu7CLAEdrZ6f6BNBgwJ3JRe2BEIdLET5OJ0Qt7ux12nZYHJzT1GgtqOBXyQOYzbjZR8LxkWmA3x%2FLY8Fa0MfcvIyhK%2BLFk13g3i7%2BnlVo4BITUSfVK98WoHPmSpS5l11OXs2cXF8VNPo1%2BSIRoRRoj%2FKvHu3xgg2GN2EcdExsOjaI4OklM31eICWiPuQ%2BRGO%2BZPjVvzc1KVkhPDPnn5PS2qD1JBUZQVdZEvCLgvQwfRL97QrEkTv1Le%2B%2FekVbhPugzw%2FNjK4k4%2FW%2BLxw40Z6vtwlhWpCK43C4M45l6nHDUWcOUgsmGaBucFOEB8Bdsei5zGEjlilkmK4ofBuVT%2BCw92GBCsPy2QFGvDysfqzjKaqQtgPMBDxE31Bp9woF0g8ISjXjPd9R4DTSLjt%2BkMyCA15aaDdVQdQod9pU3i55%2B2B7CNp37xI8EsuM3K7%22%7D', 3, 2, 25),
(57, '32.85', 'https://www.simplygames.com/p/spyro-trilogy-reignited-xbox-one', 14, 1, 26),
(58, '30.79', 'https://www.base.com/buy/product/shadow-of-the-tomb-raider-ps4/dgc-strps4.htm', 9, 5, 16),
(59, '36.29', 'https://www.base.com/buy/product/shadow-of-the-tomb-raider-xbox-one/dgc-strx1.htm', 9, 5, 17),
(60, '24.85', 'https://www.simplygames.com/p/player-unknowns-battlegrounds-ps4', 15, 1, 27),
(61, '47.99', 'https://www.argos.co.uk/product/8371157', 11, 3, 20),
(62, '19.85', 'https://www.simplygames.com/p/playerunknowns-battlegrounds---game-preview-edition-code-in-a-box-xbox-one', 15, 1, 28),
(63, '47.99', 'https://www.argos.co.uk/product/8371418', 11, 3, 21),
(64, '39.85', 'https://www.simplygames.com/p/madden-nfl-19-ps4', 16, 1, 29),
(65, '39.99', 'https://www.base.com/buy/product/kingdom-hearts-3-ps4/dgc-kh3ps4.htm', 10, 5, 18),
(66, '42.85', 'https://www.simplygames.com/p/madden-nfl-19-xbox-one', 16, 1, 30),
(67, '39.99', 'https://www.base.com/buy/product/kingdom-hearts-3-xbox-one/dgc-kingdomhearts3one.htm', 10, 5, 19),
(68, '24.85', 'https://www.ebay.co.uk/itm/Kingdom-Come-Deliverance-PS4-New-Sealed-UK-PAL-Fast-Free-UK-Postage/253668997523?hash=item3b0fd9b993:g:jJkAAOSwVttbFXAY:rk:1:pf:0', 4, 2, 6),
(69, '55.96', 'https://www.onbuy.com/gb/ps4-games/red-dead-redemption-2-ps4-game~c3157~p1877711/', 7, 4, 12),
(70, '39.85', 'https://www.simplygames.com/p/hitman-2-ps4', 17, 1, 31),
(71, '39.85', 'https://www.simplygames.com/p/hitman-2-xbox-one', 17, 1, 32),
(72, '54.96', 'https://www.onbuy.com/gb/xbox-one-games/red-dead-redemption-2-xbox-one-game~c3161~p1877970/', 7, 4, 13),
(73, '15.85', 'https://www.simplygames.com/p/the-last-of-us-remastered-hits-range-ps4', 18, 1, 33),
(74, '38.85', 'https://www.base.com/buy/product/assassins-creed-odyssey-ps4/dgc-acps4.htm', 11, 5, 20),
(75, '29.99', 'https://www.argos.co.uk/product/8167330', 13, 3, 23),
(76, '24.85', 'https://www.ebay.co.uk/itm/Kingdom-Come-Deliverance-Xbox-One-New-Sealed-UK-PAL-Free-UK-Postage/253723894917?epid=25019503620&hash=item3b131f6485:g:2bEAAOSw3qdbOSJl:rk:2:pf:0', 4, 2, 7),
(77, '19.85', 'https://www.simplygames.com/p/sega-mega-drive-classics-ps4', 19, 1, 34),
(78, '18.85', 'https://www.simplygames.com/p/sega-mega-drive-classics-xbox-one', 19, 1, 35),
(79, '20.99', 'https://www.base.com/buy/product/horizon-zero-dawn-complete-edition-ps4/dgc-hzdceps4.htm', 12, 5, 22),
(80, '22.85', 'https://www.simplygames.com/p/lego-the-incredibles-ps4', 20, 1, 36),
(81, '49.40', 'https://www.onbuy.com/gb/ps4-games/fifa-19-ps4~c3157~p6419809/', 8, 4, 14),
(82, '22.85', 'https://www.simplygames.com/p/lego-the-incredibles-xbox-one', 20, 1, 37),
(83, '49.86', 'https://www.onbuy.com/gb/ps4-games/fifa-19-xbox-one~c3157~p6419810/', 8, 4, 15),
(84, '36.85', 'https://www.ebay.co.uk/itm/Lego-DC-Super-Villains-PS4-New-Sealed-Fast-Free-UK-P-P/123410343082?hash=item1cbbd464aa:g:dhcAAOSw~IFbuf13:rk:9:pf:0', 5, 2, 8),
(85, '15.85', 'https://www.simplygames.com/p/the-hitman-definitive-edition-ps4', 21, 1, 38),
(86, '14.85', 'https://www.simplygames.com/p/the-hitman-definitive-edition-xbox-one', 21, 1, 39),
(87, '18.99', 'https://www.base.com/buy/product/shadow-of-the-colossus-ps4/dgc-shclps4.htm', 13, 5, 23),
(88, '6.85', 'https://www.simplygames.com/p/doom-ps4', 22, 1, 40),
(89, '36.85', 'https://www.ebay.co.uk/itm/Lego-DC-Super-Villains-Xbox-One-Brand-New-Sealed-UK-PAL-IN-STOCK-NOW/253921381624?hash=item3b1ee4ccf8:g:dlsAAOSwvupbugR7:rk:3:pf:1', 5, 2, 9),
(90, '9.85', 'https://www.simplygames.com/p/doom-xbox-one', 22, 1, 41),
(91, '38.25', 'https://www.onbuy.com/gb/ps4-games/shadow-of-the-tomb-raider-ps4~c3157~p6387081/', 9, 4, 16),
(92, '9.85', 'https://www.simplygames.com/p/ride-2-ps4', 23, 1, 42),
(93, '43.99', 'https://www.argos.co.uk/product/8555409', 17, 3, 31),
(94, '45.03', 'https://www.onbuy.com/gb/xbox-one-games/shadow-of-the-tomb-raider-xbox-one~c3161~p6387080/', 9, 4, 17),
(95, '43.99', 'https://www.argos.co.uk/product/8555492', 17, 3, 32),
(96, '19.85', 'https://www.simplygames.com/p/black-clover-quartet-knights-ps4', 24, 1, 43),
(97, '27.85', 'https://www.simplygames.com/p/just-dance-2019-ps4', 25, 1, 44),
(98, '27.85', 'https://www.simplygames.com/p/just-dance-2019-xbox-one', 25, 1, 45),
(99, '48.99', 'https://pulsar.ebay.co.uk/plsr/clk/0/SADS/9?pld=%7B%22mecs%22%3A%2211343490425774f84e751832494bac40e26baeed1c85%22%2C%22enc%22%3A%22AQADAAAC4BkojIFHYtWT%2BANpG6F7t2F7kj3GygEKJG5MXtX8p7tY692wQfJemhuDpqenix6vdjmh28Ka2rwJ38PqiEXmb%2FPXNFDeluIrdKl1KW71INSAw1AAvLKWXssazQvaCxSkH6fvv7xknBmnyuGy7YThQNFA6GiEOIQ19M1taLuzIDN5fLyg2AALQgN8krfMgNk42uTzBt34wxWDkMdNzC2PVvE57jOwAr9fj4Adhtl2qd9AiWWvPGHmbJQ8LDC%2BUxOYDcYVW1YQ%2BBkg75pJsd0x%2BMXUNitZcBttzqKxTjJ5%2F7j1hP0cCPzGnW2%2Bd8jccY0iHX2yH090tVdXErd9ePnDB9yMHk5mdBiXf0dHyG7Lz1pi8JdDC8FkG7dzNEz11AHGWZ5pqcjGLOro2dYsL8n%2F%2FLYDhm2F7rlqx18nGN3k4yIo5f%2F%2F4381agFIC8F9Hp0UlvuKB0vk2qxoZueH1DL4CC7NiemiRY6Ezp%2FlucM7%2FWddHSGL3UGTnUOdg4fHWDRC7ADv6rHA6Yu75Ldjr6QqKP2z4kYUE0HCyKuFdN4tai8PVppD64q0zxSGYjrGwqpW3gJXAVtyq8nU2hjJ%2Bkg6MsWeC3Cu1OPeQvxTOYyEYttIn7Qe8M37pDO6PVpK8%2Fss9IEoT8UHwUZYIvxE%2B9OZbMqyMrojuhMtgPhxcH6VNsHkDhFDkJmHJRICwbRl%2FPXJfJCv4VSOV1kBGsAFeAsnh2ao3jiAimGmQzuntZ5xM8oltooMp4UGu0butBGW05S90GS3kWfADa%2B8Z15boZ7uXFSP8NTLiy8yFcfRGh5e5kJFxMetlYo%2FBzROpUI90gPYj5x%2BkkJpO01IxJHX1RNXIcn%2BIYp1hDA5Q8KX%2BDalsW%2FIXOXnniMkDjLIYoY6U%2BM5LeK5BMFqwXq3ocNrLy3ayices%2F%2B8USMQk%2BynkgHbm0miXy2USxVuTOfy6wazwe9W%2FRjEIqklxrsb8sOwNul8V28%3D%22%7D', 6, 2, 10),
(100, '36.85', 'https://www.simplygames.com/p/ea-sports-ufc-3-ps4', 26, 1, 46),
(101, '23.99', 'https://www.argos.co.uk/product/8339223', 19, 3, 34),
(102, '39.99', 'https://www.base.com/buy/product/madden-nfl-19-ps4/dgc-nfl19ps4.htm', 16, 5, 29),
(103, '36.85', 'https://www.simplygames.com/p/ea-sports-ufc-3-xbox-one', 26, 1, 47),
(104, '23.99', 'https://www.argos.co.uk/product/8622545', 19, 3, 35),
(105, '39.99', 'https://www.base.com/buy/product/madden-nfl-19-xbox-one/dgc-nfl19x1.htm', 16, 5, 30),
(106, '47.95', 'https://pulsar.ebay.co.uk/plsr/clk/0/SADS/9?pld=%7B%22mecs%22%3A%2232357632844137581e8c083648ca9f071702b5349af0%22%2C%22enc%22%3A%22AQADAAAC4BkojIFHYtWT%2BANpG6F7t2EPxq863m9ZdcoA1YU2ts%2B8BZy%2FZFnRtRIaV89nN1AnNBGDvXzfPoTsWJ4A2RnQDITUDMR8JDZuMQVzJ%2B2sWLVzDrlD7guPOAGJvj0onTpLMlbmazGQSvfgnvdBQ%2BiB6Rvfby2bwlh6KoKX2DJElgDpX912N%2F9%2BVGMNdX7ZhO9J4IDeJXC8jdqge6eejZLLMAdBM2u%2B81Um6G%2FgIC6HIFQiawDcTSboM4YIn5eXMNnAFXuVktNI1PpdiK3JnpdumsWgtiV8XNg2ET8SyOILerLAMrSBcSCD9uqGc%2BOlV%2FFdi5oAJAPOIjsApWgjXG7cyZYoZ9tI3MBJLlzMxcyaTCCY%2BjJR2rEj%2FYS7ZGB8BXVRAqXigON%2BsK0%2BOMLh0pGanBnwunuR1hzr%2BTEyf4NlynvHQicJU7rnfk30Mt52kyK13Pu4sbRlbkyRZFRZ4n%2BV3HGgsKElXbQWkq%2B%2BS%2BWhrehEp1dEzBpdLhKT%2FzwO9itPfVlpNEPZQTG3j%2Fj9bSIK%2BTwX0Em8wZLHEUYqqccNiHReAdjIxSEgt9eSfslR9YZVoIyecnukGlmokLeP%2F3Vix63lQu2Hd6wi0FNWgsgBN0HPOUBqdCTuF%2BAOlU7KTze1PleNhSJFDzqU1gAktXiEQQzDSQtIKP4mQRaPk%2BXP1D5wBAvUHBDjKmif8cCGZLMbWRLVsx%2BgkOHwW908N7mzrLI9V8A%2BiFlza3FUk8z3f6H%2F8OyGVGRz8c4xdt6w99v9qG1d%2BLcu4gByBqlAXE73%2FNHOEsNme%2FgB7BhBlS0lzKySVUlaEIxG2TIUPJIPmbb7BQjxuqEkIa3GbVszvZdyHYsLf3a7mMHgCtVYJ3CocDboLVMDKvpbHbutNYc%2F%2Bj5XNi0ru%2F3rNKIfLr0mJRXDddmx92eaqv6Ev08VQTXlFjSaAWJgMbWX%2FFhhK%2F9R2qfptJ7tXRZWx5LneWA7OjIYpx4%3D%22%7D', 6, 2, 11),
(107, '42.85', 'https://www.simplygames.com/p/resident-evil-2---remake-ps4', 27, 1, 48),
(108, '42.85', 'https://www.simplygames.com/p/resident-evil-2---remake-xbox-one', 27, 1, 49),
(109, '39.99', 'https://www.argos.co.uk/product/8540847', 20, 3, 36),
(110, '11.85', 'https://www.simplygames.com/p/the-long-dark-ps4', 28, 1, 50),
(111, '27.99', 'https://www.argos.co.uk/product/8643816', 20, 3, 37),
(112, '37.39', 'https://www.base.com/buy/product/hitman-2-ps4/dgc-hitmn2ps4.htm', 17, 5, 31),
(113, '42.99', 'https://www.base.com/buy/product/hitman-2-xbox-one/dgc-hitmn2x1.htm', 17, 5, 32),
(114, '11.85', 'https://www.simplygames.com/p/the-long-dark-xbox-one', 28, 1, 51),
(115, '49.99', 'https://www.ebay.co.uk/itm/Red-Dead-Redemption-2-PS4-Game/332850665886?epid=2075667402&hash=item4d7f72199e:g:u4MAAOSwmT1b8-Ks:rk:3:pf:0', 7, 2, 12),
(116, '19.85', 'https://www.simplygames.com/p/need-for-speed-payback-ps4', 29, 1, 52),
(117, '19.85', 'https://www.simplygames.com/p/need-for-speed-payback-xbox-one', 29, 1, 53),
(118, '9.99', 'https://www.argos.co.uk/product/5329384', 22, 3, 40),
(119, '24.75', 'https://www.onbuy.com/gb/ps4-games/shadow-of-the-colossus-ps4~c3157~p5438950/', 13, 4, 23),
(120, '9.99', 'https://www.argos.co.uk/product/5325137', 22, 3, 41),
(121, '22.85', 'https://www.simplygames.com/p/tt-isle-of-man---ride-on-the-edge-ps4', 30, 1, 54),
(122, '24.85', 'https://www.simplygames.com/p/tt-isle-of-man---ride-on-the-edge-xbox-one', 30, 1, 55),
(123, '64.95', 'https://pulsar.ebay.co.uk/plsr/clk/0/SADS/9?pld=%7B%22mecs%22%3A%22323577905590d49f1869020a42a5ac6f7a0879890b6c%22%2C%22enc%22%3A%22AQADAAAC8BkojIFHYtWT%2BANpG6F7t2E14lN7dIPq1vam302nSR%2Fc1qgVYNW2%2BfSOSU8%2BBq7LcUgpZjUvcYQCo22cRlPhxRY%2FzPV%2FODqR0k2310bxMRBfhSkrcshgy9q3zwOKFGYG9xCvzl7mcq9UMawuzwng9Br7lAgOyqwN7f2Orz2o099vBRTttnYWeO6DjxTnyVUQ4xz9PtANDbLx%2BoQvJnqX6f4E67ahiPOwNgiivU3TtpxVPyp%2B1e6NKlfAhHTZPYnLUmEN3Lhlff8%2Fz9j8ww8uhbBB%2Fl348x9nTCeV3RKCBOkBMsQXkceI5qjNwklJL%2BjrslS5kYTTrHhA9Eerec%2Br8wldm2B6bx9BLeiaCHBnVho92DQyVr4ng7GvDnR5%2BLhan74%2FHMkGJuv%2FJi%2BRlFOJd9jd3TNSaFeTZaukNrfJRUwixGVkcxf72HtUHE%2FrVBrREnymhPfNzmdBBTZFcZ0PIHOTzYvcf89IKUttyohy82fqa9zD650V5Z2n%2BkeZF93pSwrY9OF%2Fwavbab0AYs%2BPUK6FY2%2FOgVKedDDxjb7sECbCjZlSWujUYcpu9Gmi5ExpBVYzzntGOkLPq6RODVh3jCDg21oxpsmy%2FxRNH%2B9M61Z8nm1IPtksf2pCdeDiLFPeBJv5HuLCyo7%2FFsiTU%2BSlwfDMq%2BDEGOZoz7%2FcoDSJZ%2BouRxSM%2B2Lg8stW19kKn7EGSgIyoKirDeJHpbGpyZFSj5Dz90GTUDyShRAWS2A9rULg2jEKocJ9dtiMtBP6YC2R2HPdY0gEPrYb1CsKrCSETvsPwTIaQ8SqPZSOLyBESzO0uzF%2FOEz9k9icevV%2FF21NX0fFMALqktQRTQ9IkTIjznlz3q4BDjf4zjitFOzy4zXNHOySmQfqXPLsXDr4zMdmO%2BO%2BWn%2FlvRBpLbBcY5SMWMNE%2BxOSdIhsqCH3vczDVi1jcfEpkQ8I%2BiHYrLFxhXPOkrCaJ4tBSdIO3p%2Fo7cOC6aYBvSH%2FfjrFY3pW%2FkMlo%2BzD%22%7D', 7, 2, 13),
(124, '18.99', 'https://www.argos.co.uk/product/5981571', 23, 3, 42),
(125, '26.85', 'https://www.simplygames.com/p/persona-5-ps4', 31, 1, 56),
(126, '35.89', 'https://www.onbuy.com/gb/pc-games/spyro-trilogy-reignited-ps4~c3186~p6602326/', 14, 4, 24),
(127, '8.85', 'https://www.simplygames.com/p/mass-effect-andromeda-ps4', 32, 1, 57),
(128, '20.99', 'https://www.base.com/buy/product/lego-the-incredibles-ps4/dgc-legoips4.htm', 20, 5, 36),
(129, '9.85', 'https://www.simplygames.com/p/mass-effect-andromeda-xbox-one', 32, 1, 58),
(130, '37.46', 'https://www.onbuy.com/gb/pc-games/spyro-trilogy-reignited-xbox-one~c3186~p6602368/', 14, 4, 26),
(131, '21.19', 'https://www.base.com/buy/product/lego-the-incredibles-xbox-one/dgc-legoix1.htm', 20, 5, 37),
(132, '36.85', 'https://www.simplygames.com/p/jurassic-world-evolution-ps4', 33, 1, 59),
(133, '46.95', 'https://pulsar.ebay.co.uk/plsr/clk/0/SADS/9?pld=%7B%22mecs%22%3A%224016069476009067d2c850094480a618e4db67a8b0ed%22%2C%22enc%22%3A%22AQADAAAC4BkojIFHYtWT%2BANpG6F7t2EoPvn1x2dkdkxRqJnz3cNT3UW1TNuKunqMTTgWV6Utoi2r8vVkmNnQbQdJd4a666Nh8ND4j3vM5uIwUF7adO3h5%2FsS07NUVCCY5ORRl42z0qUMg1VYgT7uM8P73Zz9EbDMyleExy982lBM%2FcnD9BEmgfgtBSJXX0bxMMwqzHDanpTbaQl0%2BKvK5diHBuik3774MPioQTeVQuHRErwYpO3EH%2Fhfx0p965QrEbiLzvxDB2tLDP0tKNKi6orLIQH9NAP2Tx8HJ9yv3RohkMxq8PVmiBkBqDy09x6d9dhUZ2GJRM%2FQYQXgE%2BheXY8OBOg%2BGJ2KjoNFKfutmGvzD4GR%2FtRyht5ilCP0cQob4M%2Bk%2BCDnwVFx6Ow4H0Ves1SohA%2Fheuxo74Mo4BhNpwlej3sddmB1y%2F3k%2F4Zw1iCkmw7gxAR%2Bb5GMBVIMqyevrzcOIl3RrSpHkPbyvGMd8jBs1jIDrCzRzEoP4iJ8OlyiJSuyswEL8X4yDaEgcr%2FYGgCckSBRVl%2BlEhUyq13MxsYTDjKXi8lUma5g3hDYqKqAz7kU1OTaK0Qv%2Fcy591Y31wT22%2FX2DqIYlE%2FQogWm1GS8VjiEg9wT42hRIz6VfzyqgjLKbENOi%2BrhMiimhT%2B2y0Q4nUoqPZW2MVgJHKMdHe4QlvSUI6xTt95fK%2FxEbKjb4szzaptxKXUhkSmnqVmdUaRL7%2FQjSagfnWWmYWiP0u3%2BfCDE3bHw8R63OofUpCn%2FCCDWxmx4Nh0sVTKP%2FQYfFmJvXzYoBcJZgDtlIaGmPTOxxyeFd6UgwM8R5381Thgp%2F6Ut6Nl%2F23TJsNHOudERmp%2BgJcPZ9hNZGOX%2Fj14OZvtSvRukWO7XLjSvLJxmH%2BBr1XisjsDN%2BA0NV2Srli4yr7uZ7Z2TLXc6kiygNiugY8ho%2F1tlUsmoCmzTyigKfHNJtXCQtdWdiLZrMLrMtYGvNiYSOESy2nE%3D%22%7D', 8, 2, 14),
(134, '39.85', 'https://www.simplygames.com/p/jurassic-world-evolution-xbox-one', 33, 1, 60),
(135, '38.99', 'https://www.argos.co.uk/product/8522016', 25, 3, 44),
(136, '38.99', 'https://www.argos.co.uk/product/8665193', 25, 3, 45),
(137, '29.85', 'https://www.simplygames.com/p/crash-team-racing---nitro-fueled-ps4', 34, 1, 61),
(138, '48.95', 'https://pulsar.ebay.co.uk/plsr/clk/0/SADS/9?pld=%7B%22mecs%22%3A%22401606948285e841cc90a9494182a57ef110dacd3712%22%2C%22enc%22%3A%22AQADAAAC8BkojIFHYtWT%2BANpG6F7t2HE214nm7%2Bw2eX2o0RfpG1SelR14WrnqVMIsd3gKAaJvzecUI4O7vONvWvCDF9Zg0hMGXXoN7wIHG7z36sYm2jB90zdnyfZCRD597vop838AHoZfVk2G1FSAwtF3yy3ou6rGARIL4dt67T11k0yp6pzy3hOvBURB5e8uHf7G6Yx2M%2BSWbPVQAQbSJSwSdVAzdEJOpy4fNIXGHvIqLJWx0P0siLBu5AD16%2FM36moYroJUOuKt4zhU9Qs5HXB6Ab1A08vzipXJeJb5AKYEXvyO6hL7X6u%2BSnwWg%2FRjIMbaS5OxmWYfLCFjIMVZT%2Bga3VanDWxOW8uZapwf0VPXeBj1qMA5qkj%2FB67b5i4ZmPf%2B6RSaVuPePudbqj6V0S0OPOH45wNaJK5wIGcQ47i6Qo2l%2BEPQpt7MwcoXirRH1CCH12QztM1hSI%2FjQJWYrQwEYNL6f9eTiTol3FBo7wreLMlFuqLBy5MYC%2Fte73XOp4aUhCHKsW0XJrN0AFEiKaUx%2B37wQrN68DVO4sayovGP3nTga17WOAqQ8fzOCqmY%2FbhvxASFMsY9Zog5cZzzpcoV%2FMrSdDBvXWtvHKhrJgHWyQB%2Fm0U1q1%2BxlejuOZIRIfFJZygQouCh1y6x5FQj753gjJGspQqRIzG4%2BST7E6%2FI2IQXH5Dzqf3e1FNEpIHFQfPJ5fi1k%2BNVkX%2BncUutO4FEkgbTlVHuc2nlkgDjqkVtSmvAjKGi93CYJKxzGvlSB5eWPOFLlXDK7m3JGBnz1Wk3sSzPImkAqpz1k0lr%2BIxVcsRP6KaLI%2B%2FVIy%2F%2BWjQyHuszB7e6dt0qhFEzJZNHozKl49XIfpZaX5rbZAblxSws3jjYpjDm9%2BgzHOsxdXB4wHsDy2uZgaC78Sf9Mqia8Mb3V814Pb%2FbxublDJAAxzfvJm0mdF%2BXbpFPzspiiBNAnxdCpHkX4nS2UlmgjsHvGRb4eZ%2BaTWeZcc6zPGqGG2CS8kZJ76L%22%7D', 8, 2, 15),
(139, '29.85', 'https://www.simplygames.com/p/crash-team-racing---nitro-fueled-xbox-one', 34, 1, 62),
(140, '14.39', 'https://www.base.com/buy/product/doom-vfr-ps4/dgc-dvfrpc.htm', 22, 5, 40),
(141, '43.85', 'https://www.base.com/buy/product/doom-eternal-xbox-one/dgc-doom2x1.htm', 22, 5, 41),
(142, '14.85', 'https://www.simplygames.com/p/slime-rancher-ps4', 35, 1, 63),
(143, '16.85', 'https://www.simplygames.com/p/slime-rancher-xbox-one', 35, 1, 64),
(144, '39.99', 'https://www.argos.co.uk/product/8350848', 27, 3, 48),
(145, '39.99', 'https://www.argos.co.uk/product/8239615', 27, 3, 49),
(146, '15.85', 'https://www.simplygames.com/p/dying-light-the-following--enhanced-edition-ps4', 36, 1, 65),
(147, '15.85', 'https://www.simplygames.com/p/dying-light-the-following--enhanced-edition-xbox-one', 36, 1, 66),
(148, '12.99', 'https://www.base.com/buy/product/ride-2-ps4/dgc-ride2ps4.htm', 23, 5, 42),
(149, '16.85', 'https://www.simplygames.com/p/cars-3-driven-to-win-ps4', 37, 1, 67),
(150, '28.99', 'https://www.argos.co.uk/product/7921852', 28, 3, 50),
(151, '48.99', 'https://pulsar.ebay.co.uk/plsr/clk/0/SADS/9?pld=%7B%22mecs%22%3A%221235337853513db91e5f4d174d67aeb7489eaec84d9d%22%2C%22enc%22%3A%22AQADAAAC0BkojIFHYtWT%2BANpG6F7t2EmvPIoJGuDzjFqSTQyiVtf0rARrgjO4esAHI%2Bx2di9OlqPjRW91QIlgy8C7lDMeelF57GWWDPB8NmwPMi5%2Fqo9cmj4X1%2FmzTBhXSp7Y7%2BSwj9sAeiwlZvnffk95FVpft7aTmtQ2s42rMUZV0H5kMSzIzgjgZTXiDzZeX0cAXW%2BMpwNO2JKx36mtI5ys1oPGIzOfKaSGkS0K9x5AzlgF3iM1OHvmyHgatB%2B1WpB6CqaFdki%2FvQ00ZfT8R1DprYvBddetnc7TKR3U7BX7J%2FCpFpr0bEcnuxg0pvER8KGXK7CpwGzucbIO3CGAaDzG3VPYuXWxX%2BaFHhQk6F2K4DyWvnhsSlxjEz4u4zIg8WZ3goWSwe6%2F%2F8iHN0cz%2BHUS%2Fm4Auy2UsaSNSKMoMh50lvyupODkuF5qO82Qt0y06ftoRIOedLs5F2RupkEpjdm4AGxG%2B7hi%2BPNM2HgqUc2zOQ1Dv2xYwfozd1yfcbwqw3SbC%2Bnkx8A%2B5dkRcEg1ZRSYKlFmmryOyUtpQGTrXl6i%2BxSQ83703D7fLFw5lhesuQXCK0AN%2FarNBrlRtjBrlgq0LFQD%2FmIqqKwGLBuoNGG45UUBCrO73R7XIpQM4kvyBZLMStYCabvMXot%2BlU8oYngI9vbxKqjLexKFnVnSUS6QP7%2FgQMqcUd2AcuButHgJjbNArKUKfnTVuavC%2FZKUSO1XqKutmc4Xj7CMws4MY26ly%2BqxN0WEReI0MA7jY3YwTHv9jI8NEJdO34YpqdzDBZrlrIfdDnusmVkiEGDLJKoWT7KnmF1u%2F6lG6mbD9d%2Frjc7vpA3VtdtK4jV022l%2F6ZuOGaP0GPKw6WouF9tnWM%2BGBIBm%2FefYQu7pYiNcqUfUnuLkJ3bd30xsNL%2BALz3rQcdvJsDmCM5mjCH8%2FVBaXu8Y2HVSy3YfZnrv0FLA3U2LshuANbVNw%3D%3D%22%7D', 9, 2, 16),
(152, '19.85', 'https://www.simplygames.com/p/cars-3-driven-to-win-xbox-one', 37, 1, 68),
(153, '28.99', 'https://www.argos.co.uk/product/8642862', 28, 3, 51),
(154, '19.85', 'https://www.simplygames.com/p/the-sims-4-ps4', 38, 1, 69),
(155, '19.85', 'https://www.simplygames.com/p/the-sims-4-xbox-one', 38, 1, 70),
(156, '28.85', 'https://www.base.com/buy/product/black-clover-quartet-knights-ps4/dgc-bcqkps4.htm', 24, 5, 43),
(157, '42.95', 'https://pulsar.ebay.co.uk/plsr/clk/0/SADS/9?pld=%7B%22mecs%22%3A%22323576331492e855cfe674e644c79b78c2a6a71b9c5d%22%2C%22enc%22%3A%22AQADAAAC8BkojIFHYtWT%2BANpG6F7t2EMbc%2BBmTQ9w5P7oyEDBWl5s1qAAIuGehgz424M3MoDVeWxJ060ukjXGmdlqb%2FvJuJFZe%2Be7H9fDuOkitm1bIxFlideIv91FBVZGibfv8qY4Qi4%2BEzV0OG45OF74OeaC0WrUiBSgssQPOwDzxdUDSQn3f%2B63aN%2F55povjsbtubrlBhxic4EBGTsx6pqLOc%2B553hggBjcoMdSPTckgFfhD851ljjTP9ZkEfvif4tAMqtrDG%2BnTufgQGReAPUIEv%2BrHrrX5zKRHXL6ERfhP2mBL206hXozqhsZPj3qlLcOCQkdGAX6ZRbykCBkCzQxFWyhuzcFZerIKH3Q%2BzSEFYdlhCU6GLPhKpK1GXGjIpdejaXNFH%2BoQ5UHmr%2BXvA7MDKmXGaNaX7avDf2MKsbBxrb%2FCSl3kZIRxPVR3ofZbTr6qV70kmEoes3treXwzjmlX0G7kw8cTIjt8s3IfeO4%2B2YJ16UBw5%2Fy%2FBo%2Fp40wJezDnFp6qC3K72IxFV%2BC2KCgCGzQhTqnMM5c4IJ6H4DdeD6Pevi4POZiAPWBEKQ7EbHQXhJT2JIVqUSo5wNVY9dTvd%2BYawJAyEwma40P9BJIwr0mxqbhbwzekeg0SvmTm9PeG2ba5IUzGjfD%2F83PgLVmSi%2FkVlXQfk8wgOp7skvsmIQp7RfrQjzd3i%2FecbOex6iKz%2F4iRW3uaiEWY8cFCdHAJfMxnZe%2BdAbGeh9a10maJgnOzQgK%2F2sMs3%2BO5TUjeQ5d2r%2BthnfE4IldtMFL3TYoKyjKGxUJzcVb1kHd3lgRYHtcDMSpZzTfJlgpJ6F1j5G%2FTny1TOkueW0rrf8fJtbZ%2FRPBq8gtPyTDK9jhTT8HQxJxdv5p6UTon9a7BHMNmzSDd6gcCCUq9BczeNbId8GV1WlOJObtei1c9Tj%2Fl7xuzGI9YUmyEBddo4fhDw0LtPlxSwo7XabA0dljfkXLWQkXcXd%2Baxq4cCnvlIJiu%2FaTPyZyLRM%22%7D', 9, 2, 17),
(158, '29.85', 'https://www.simplygames.com/p/pro-evolution-soccer-2019-ps4', 39, 1, 71),
(159, '34.85', 'https://www.simplygames.com/p/pro-evolution-soccer-2019-xbox-one', 39, 1, 72),
(160, '45.96', 'https://www.onbuy.com/gb/ps4-games/hitman-2-ps4~c3157~p7066780/', 17, 4, 31),
(161, '29.85', 'https://www.simplygames.com/p/wwe-2k19-ps4', 40, 1, 73),
(162, '19.99', 'https://www.argos.co.uk/product/8062167', 30, 3, 54),
(163, '29.85', 'https://www.simplygames.com/p/wwe-2k19-xbox-one', 40, 1, 74),
(164, '19.99', 'https://www.argos.co.uk/product/8063180', 30, 3, 55),
(165, '49.85', 'https://www.simplygames.com/p/firewall-zero-hour--zero-hour-bonus-dlc-pack-and-aim-controller-psvr-ps4', 41, 1, 75),
(166, '36.99', 'https://www.ebay.co.uk/itm/Kingdom-Hearts-3-PS4-29-01-19-Please-read-the-listing/183574741739?hash=item2abde842eb:g:ATUAAOSw-BlcC8G3:rk:1:pf:0', 10, 2, 18),
(167, '27.99', 'https://www.argos.co.uk/product/6518888', 31, 3, 56),
(168, '26.85', 'https://www.simplygames.com/p/astro-bot-playstation-vr-game-ps4', 42, 1, 76),
(169, '40.00', 'https://www.ebay.co.uk/itm/Kingdom-Hearts-3-Xbox-One-Preorder/153260332329?hash=item23af071529:g:MVoAAOSw~odb6~AV:rk:2:pf:0', 10, 2, 19),
(170, '39.85', 'https://www.simplygames.com/p/far-cry-5-ps4', 43, 1, 77),
(171, '38.85', 'https://www.base.com/buy/product/resident-evil-2-remake-ps4/dgc-res2rmps4.htm', 27, 5, 48),
(172, '24.85', 'https://www.simplygames.com/p/far-cry-5-xbox-one', 43, 1, 78),
(173, '38.85', 'https://www.base.com/buy/product/resident-evil-2-remake-xbox-one/dgc-res2rmx1.htm', 27, 5, 49),
(174, '19.85', 'https://www.simplygames.com/p/ni-no-kuni-ii-revenant-kingdom-ps4', 44, 1, 79),
(175, '41.99', 'https://www.argos.co.uk/product/8649281', 33, 3, 59),
(176, '41.99', 'https://www.argos.co.uk/product/8582582', 33, 3, 60),
(177, '41.68', 'https://www.onbuy.com/gb/pc-games/sega-mega-drive-classics-xbox-one~c3186~p7620743/', 19, 4, 35),
(178, '22.85', 'https://www.simplygames.com/p/hellblade-ps4', 45, 1, 80),
(179, '44.85', 'https://www.simplygames.com/p/anthem-ps4', 46, 1, 81),
(180, '49.95', 'https://pulsar.ebay.co.uk/plsr/clk/0/SADS/9?pld=%7B%22mecs%22%3A%22323556904739fac3cba26ab44a2c8cbfb8a87d530cda%22%2C%22enc%22%3A%22AQADAAADABkojIFHYtWT%2BANpG6F7t2G8cPN1%2BC1ELl0fvavqLhgsyBUKxNOPP8v%2BusFj7slSERRMRBp4xJxTyLpGSxok8s%2B0CjvB3dc%2FZW2P9dIcF5BDf1aa02PwEbH2C6xWdLm56RZGXDXxvrNVIvIADfPTpPw4YEFJ19BXi2lu5r8ET5fyZe6Z9OFeIM3xPYxy98auZZjmMt30x1bVEpNDph7fmZ4t%2FG0hz24z2qahESuB0aiSwcSVmofNyRAzFAWJN0kXhbNuGxctty6QmkDwRAJANi2qim6Cvs7yrQe96jPX4tpMTwG7y0TDkn0yCX3Gak3VFuCCB%2BBljShBMoNVwoIxRUcZXGNAIbVxtVxbZOMUDoYvSidDazCnjkskgpjQuJ3f6aLX8rbm7%2Fq3PaeftSlFpSSCyqftpOI00boKK%2FOTiOqyfMM%2B9HnVm4E%2FRRHmRXLNard3wyYXIlhPl%2FNaQdLj%2BpAd4cYj7cmR%2BIT8nAmWY%2Ba178gf4fg%2BVN9B2lZQF9EdnbSGhBjU8LUElpTk%2F8UceKNqmQsoHeMQX%2B4PVQfn1z9k8N6eoMUudHGKvq4uRo%2BLS2xLmsbvrXjoN7pmDd1XeBiMBBN8t82WrtrbkyhO39iEUSvVH4TLhNYnh1gV15a%2Ft3liZqBn6dB4kD8MmqUm3MkHdp3QxIMB1wysx35mgH%2Bgvcu6taD50VHvw%2BbYWedHOUh6Ok9njAdDuTFjk0CTU0%2FIgez1ZITAMmwFrwjnsu3RW5kiXHng9wDSEPm%2BvnJhSQ69n186Herb%2Boe1vUvAXBWzrQGq3y5OI371VoPMPOMo1IbKpB8BeVdaLptKaLtljmeRAdfBXmXd2oyxcLsF6DdpeNfgXtM1E6DbyYdX8FGw9VvmI7GRTfnBm4HJoeaBSfbLvetAWNrESmiAx6vPQlibXlA8W6wpFPpB3tYLP78KNbE%2FoBEjm1T09t72lbfjf4Jcdb%2BgQ%2B4yrA4VdJe%2FWEFQPQMlPM3UTc4gFVT5du0nU1pb27IqqJt4zwJtCtiu3A%3D%3D%22%7D', 11, 2, 20),
(181, '34.99', 'https://www.argos.co.uk/product/8796691', 34, 3, 61),
(182, '44.85', 'https://www.simplygames.com/p/anthem-xbox-one', 46, 1, 82),
(183, '34.99', 'https://www.argos.co.uk/product/8796701', 34, 3, 62),
(184, '39.85', 'https://www.simplygames.com/p/persona-5-dancing-in-starlight-ps4', 47, 1, 83),
(185, '29.52', 'https://www.onbuy.com/gb/ps4-games/lego-the-incredibles-ps4~c3157~p6409951/', 20, 4, 36),
(186, '44.85', 'https://www.ebay.co.uk/itm/Assassins-Creed-Odyssey-Inc-Bonus-DLC-Xbox-One-Brand-New-Sealed/253856264636?epid=13020411496&hash=item3b1b0331bc:g:YokAAOSwvuhboLU7:rk:2:pf:0', 11, 2, 21),
(187, '19.99', 'https://www.argos.co.uk/product/8638371', 35, 3, 63),
(188, '19.85', 'https://www.simplygames.com/p/monster-hunter-world-ps4', 48, 1, 84),
(189, '19.99', 'https://www.argos.co.uk/product/8633345', 35, 3, 64),
(190, '19.85', 'https://www.simplygames.com/p/monster-hunter-world-xbox-one', 48, 1, 85),
(191, '12.85', 'https://www.simplygames.com/p/the-evil-within-2-ps4', 49, 1, 86),
(192, '12.85', 'https://www.simplygames.com/p/the-evil-within-2-xbox-one', 49, 1, 87),
(193, '23.59', 'https://www.ebay.co.uk/itm/Horizon-Zero-Dawn-Complete-Edition-PS4/401639407815?epid=17010458896&hash=item5d839300c7:g:Gi8AAOSwbw1aAs3b:rk:2:pf:0', 12, 2, 22),
(194, '38.85', 'https://www.base.com/buy/product/persona-5-dancing-in-starlight-ps4/dgc-pers5dsps4.htm', 31, 5, 56),
(195, '16.85', 'https://www.simplygames.com/p/lego-the-ninjago-movie-videogame-ps4', 50, 1, 88),
(196, '19.85', 'https://www.simplygames.com/p/lego-the-ninjago-movie-videogame-xbox-one', 50, 1, 89),
(197, '19.86', 'https://www.onbuy.com/gb/ps4-games/doom-ps4~c3157~p3451681/', 22, 4, 40),
(198, '36.85', 'https://www.simplygames.com/p/dragon-quest-xi-echoes-of-an-elusive-age-ps4', 51, 1, 90),
(199, '38.99', 'https://www.argos.co.uk/product/7459331', 38, 3, 69),
(200, '38.99', 'https://www.argos.co.uk/product/7459032', 38, 3, 70),
(201, '8.99', 'https://www.base.com/buy/product/mass-effect-andromeda-ps4/dgc-masseffect4ps4.htm', 32, 5, 57),
(202, '8.85', 'https://www.base.com/buy/product/mass-effect-andromeda-xbox-one/dgc-masseffect4xbox.htm', 32, 5, 58),
(203, '44.85', 'https://www.simplygames.com/p/farming-simulator-19-ps4', 52, 1, 91),
(204, '44.85', 'https://www.simplygames.com/p/farming-simulator-19-xbox-one', 52, 1, 92),
(205, '19.99', 'https://pulsar.ebay.co.uk/plsr/clk/0/SADS/9?pld=%7B%22mecs%22%3A%22183237865088c7601585fcef462cbe702be175a02c55%22%2C%22enc%22%3A%22AQADAAADABkojIFHYtWT%2BANpG6F7t2GKGvrTJoGchRg%2B1rLoAv03NM6HvzhagGZvEOpduPv%2FfA%2B45%2BhquNXZ38DVYl53%2BLi9XiK4CjJfsUtS0VU2IDwdWqqDnrIBavoqEByZURaYb9fdAqE2zJwe9hQ3JO2p3ScFfb5xnJm0mBVzUgaDIYhqmkgh5qiCX%2FUDFWYcXVVFNPqHYjR6BFEQ62%2FNlvXwMPAMVUxOdXf9WHMybeQm5i75fttqjrBQNQjWiXAVPEQ0ACn4ldezJgC4kFt6I21bSqKomWrgfSOjLopUHvrt7fbAYtrvYbkgsWRevtShslDv9hRH0ILW09u847tOMx2j%2BOhnlcR1p8LjQOx9oIhXyCeXMCEDoZATO1KH%2FWsrvzmRt2CC3z9BUlr%2Fp7l%2BJJ1U94XGpzqn2fwxZPzz3svfty87ZEzD4T1l6Cnsdxp3HsN7VAsiETF7mGjjYtssVsQ9GUnmDmh7xbIZ33E10BNRAzY3I%2B%2BEz%2BBulJ5ce2ECERBR0E3nn9v%2FWXKz5WlGx5IxUnbEaBK4Yy7A1aYHHJ082S64aEmfqOytH1KuZTWzRERerWtsQmQmh6jASSAN3B2rmgIgcDGfNexBgwo59c%2B0qzIMoQ1oJwjrdf2hpRIp8ZC2COz8m%2FnJGDK5uUaht0bPx17FaqeDUXeYs791KrU0Yh5yWHI2O6esAsiyzbu6uct7dgiZPxFo5576YYrgvSCSUjTiKX7lxmoIcT0Yh5pVTb84tzjckWioMarIH4EyWgmLCpHcIknuAwEIAZhPaFYHsOuwBsJBr9U6b1k5p7Zhy9jbdlDYrGPExWYuCJH%2FxD43e42fghtiO4s5o370UX0K7LJ1rDo6aBX6RfI6hOJBaPDO7ew8dKiUlLF1%2FSogPmju0W5x4J%2FNVQvLVovvu7Vd0IZidXppGV1BR5Oyl9D%2BG3uHHL8xdipc4hu%2FIEVvpKjbG6EyIn7%2F6y2jmfLBM42juCp9HX7l2M1xEtKOoquQZCETR7irirx7l4u36iWr%2Bdi2Yg%3D%3D%22%7D', 13, 2, 23),
(206, '22.85', 'https://www.simplygames.com/p/divinity-original-sin-2-definitive-edition-ps4', 53, 1, 93),
(207, '22.85', 'https://www.simplygames.com/p/divinity-original-sin-2-definitive-edition-xbox-one', 53, 1, 94),
(208, '43.39', 'https://www.base.com/buy/product/jurassic-world-evolution-ps4/dgc-jweps4.htm', 33, 5, 59),
(209, '14.93', 'https://www.onbuy.com/gb/ps4-games/ride-2-ps4-game~c3157~p1877767/', 23, 4, 42),
(210, '21.99', 'https://www.argos.co.uk/product/8645649', 40, 3, 73),
(211, '24.85', 'https://www.simplygames.com/p/we-happy-few-ps4', 54, 1, 95),
(212, '21.99', 'https://www.argos.co.uk/product/8631598', 40, 3, 74),
(213, '24.85', 'https://www.simplygames.com/p/we-happy-few-xbox-one', 54, 1, 96),
(214, '9.85', 'https://www.simplygames.com/p/ashes-cricket-ps4', 55, 1, 97),
(215, '24.99', 'https://www.argos.co.uk/product/8163183', 41, 3, 75),
(216, '9.85', 'https://www.simplygames.com/p/ashes-cricket-xbox-one', 55, 1, 98),
(217, '32.85', 'https://www.ebay.co.uk/itm/Spyro-Trilogy-Reignited-PS4-IN-STOCK-NOW-New-Sealed-UK-PAL-Free-UK-Postage/253930759479?epid=24018241680&hash=item3b1f73e537:g:WvYAAOSwWCFbwMdY:rk:2:pf:0', 14, 2, 24),
(218, '10.85', 'https://www.simplygames.com/p/middle-earth-shadow-of-mordor-hits-range-ps4', 56, 1, 99),
(219, '19.85', 'https://www.simplygames.com/p/call-of-duty-wwii-ps4', 57, 1, 100),
(220, '19.85', 'https://www.simplygames.com/p/call-of-duty-wwii-xbox-one', 57, 1, 101),
(221, '43.92', 'https://www.onbuy.com/gb/pc-games/just-dance-2019-ps4-ps4~c3186~p7335421/', 25, 4, 44),
(222, '17.85', 'https://www.simplygames.com/p/nier-automata-ps4', 58, 1, 102),
(223, '47.99', 'https://www.argos.co.uk/product/8353546', 43, 3, 77),
(224, '13.85', 'https://www.base.com/buy/product/dying-light-the-following-enhanced-edition-ps4/dgc-dylteeps4.htm', 36, 5, 65),
(225, '47.99', 'https://www.argos.co.uk/product/8359375', 43, 3, 78),
(226, '33.55', 'https://pulsar.ebay.co.uk/plsr/clk/0/SADS/9?pld=%7B%22mecs%22%3A%2240163434601243b243ff2cae4525aea4119b2df1a603%22%2C%22enc%22%3A%22AQADAAAC8BkojIFHYtWT%2BANpG6F7t2F5jTUj%2FfhIsKlNKK3xi%2FJxTGHCm26ZiWBN%2BTW%2B8NbF0VTwKbtD%2FSGIUCWMGMF5AnMXco2rIWDpI41PtH3r%2FRX0miZaRVq9zCIEcIqW1Omb3KMxPp7GPAGTVUyZejS8pIhhGJh6mpeSn6cHkSZOg%2FK4F12DWKJmEG8ZN5u2Cn4TPPqHup%2Fdv%2BcJc7od2c%2BOkog5SPfPcxqjNxFckItBgWS7HEVv4W44Sre9hs5u26RkETg6LS8YQN52e73HOEAgzW%2BCrrWZmVebTKejdQbokVSf5rSU2YGuj%2Bj6vFjZDqevwvB4ZZotIBTEQW52V77aC1dpLwTDC7a51C%2Fh%2BuJW6fBOFnfNeYeotZdLpqHfR3zGoWKtM7lCq%2FPhCog%2FPhQFtAvKLlKQcMxHLlvuL1t6wHZIhsSg5WraOo%2BzTuDk0Q687HB2jrOHYGarrfM2hKqQn4MD2wnGFGGCOnNQojW6%2By9oNkhvQp%2B9F6aDcd20td%2F%2B76hkD7E1JaENRv2mMld%2FuVrKrj1W%2BRGaKEEG6tN9yaJft0VowA1P04b%2BTPf6iu8h0BhYwhQkpqQSvNmF5iEVHSYi4ZaSGOZ0AcZadfBOS%2BfVWwxqt%2FGbkduYu1PKlPqvlU5ILGDz%2BE8yONjVTCSszA31wuD30kkxde8RYHXN2BmRPKxDXyWg8ifdmKQObdMSXq8fdIIh7FXXiHsQlbyvZDVZDhQ8rMTotzmmDjfpDHMCCemTvpuwnUc%2FI4jd7KrZnuUJ0jyKCtY7a04zGMjJsJ0sAvG8oNBv4rKSmvDkvp4fpGbTB0d2fXcJKCuZty85VYYn%2Bs4WzwkxMb3Gl0OoOEkxD8WU9m1rPnoRBz%2B160iCR8E7mBQ2IvIkTP4iwO3rogI0hBT%2FYkTqAFVpJLlM3ZNXX%2FpHRMZKbRyiRlfC3kwjEGziLCbCgIU9b9HUpQqydoPMOw6bntJ9IKowCJgvR15GY9NqVa1ZmWT27xumO0D7%22%7D', 14, 2, 26),
(227, '14.85', 'https://www.base.com/buy/product/dying-light-the-following-enhanced-edition-xbox-one/dgc-dylteex1.htm', 36, 5, 66),
(228, '43.92', 'https://www.onbuy.com/gb/pc-games/just-dance-2019-xbox-one-xboxone~c3186~p7335433/', 25, 4, 45),
(229, '14.85', 'https://www.simplygames.com/p/uncharted-the-lost-legacy-ps4', 59, 1, 103),
(230, '19.85', 'https://www.simplygames.com/p/lego-marvel-super-heroes-2-ps4', 60, 1, 104),
(231, '19.85', 'https://www.simplygames.com/p/lego-marvel-super-heroes-2-xbox-one', 60, 1, 105),
(232, '26.85', 'https://www.ebay.co.uk/itm/Player-Unknowns-Battlegrounds-PS4-IN-STOCK-NOW-Brand-New-Sealed-UK-PAL/253991650942?hash=item3b2315067e:g:mFYAAOSwCK1b9Y8a:rk:1:pf:0', 15, 2, 27),
(233, '21.85', 'https://www.simplygames.com/p/yakuza-6-the-song-of-life---art-book-edition-ps4', 61, 1, 106),
(234, '39.85', 'https://www.simplygames.com/p/darksiders-3-ps4', 62, 1, 107),
(235, '19.99', 'https://www.base.com/buy/product/the-sims-4-ps4/dgc-sims4ps4.htm', 38, 5, 69),
(236, '39.85', 'https://www.simplygames.com/p/darksiders-3-xbox-one', 62, 1, 108),
(237, '54.99', 'https://www.argos.co.uk/product/7348507', 46, 3, 81),
(238, '19.99', 'https://www.base.com/buy/product/the-sims-4-xbox-one/dgc-sims4x1.htm', 38, 5, 70),
(239, '15.99', 'https://www.ebay.co.uk/itm/Player-Unknowns-Battlegrounds-Full-Microsoft-Xbox-One-Game-16-Years/332796734228?epid=11023439835&hash=item4d7c3b2b14:g:PtcAAOSwAjpbsehE:rk:1:pf:0', 15, 2, 28),
(240, '54.99', 'https://www.argos.co.uk/product/7348590', 46, 3, 82),
(241, '21.85', 'https://www.simplygames.com/p/dark-souls-remastered-ps4', 63, 1, 109),
(242, '21.85', 'https://www.simplygames.com/p/dark-souls-remastered-xbox-one', 63, 1, 110),
(243, '44.85', 'https://www.simplygames.com/p/detroit-become-human-ps4', 64, 1, 111),
(244, '44.85', 'https://www.simplygames.com/p/fallout-76-ps4', 66, 1, 112),
(245, '19.99', 'https://www.base.com/buy/product/wwe-2k19-ps4/dgc-wwe19ps4.htm', 40, 5, 73),
(246, '57.85', 'https://www.ebay.co.uk/itm/Madden-NFL-19-PS4/173417576776?epid=5021344855&hash=item28607e3948:g:q1sAAOSwV05bbAtr:rk:3:pf:0', 16, 2, 29),
(247, '44.85', 'https://www.simplygames.com/p/fallout-76-xbox-one', 66, 1, 113),
(248, '14.85', 'https://www.simplygames.com/p/lego-city-undercover-ps4', 67, 1, 114),
(249, '14.85', 'https://www.simplygames.com/p/lego-city-undercover-xbox-one', 67, 1, 115),
(250, '44.85', 'https://www.ebay.co.uk/itm/Madden-NFL-19-Xbox-One-New-Sealed-UK-PAL-Free-UK-Postage/253747550628?epid=9021336310&hash=item3b148859a4:g:MQMAAOSw6fpbUeiQ:rk:1:pf:0', 16, 2, 30),
(251, '39.85', 'https://www.simplygames.com/p/call-of-cthulhu-ps4', 68, 1, 116),
(252, '22.49', 'https://www.base.com/buy/product/firewall-zero-hour-ps4-psvr/dgc-frwlzhps4.htm', 41, 5, 75),
(253, '39.85', 'https://www.simplygames.com/p/call-of-cthulhu-xbox-one', 68, 1, 117),
(254, '14.85', 'https://www.simplygames.com/p/rayman-legends-playstation-hits-range-ps4', 69, 1, 118),
(255, '14.85', 'https://www.simplygames.com/p/lego-batman-3-beyond-gotham-ps4', 70, 1, 119),
(256, '31.99', 'https://www.argos.co.uk/product/8897686', 52, 3, 91),
(257, '31.99', 'https://www.argos.co.uk/product/8904490', 52, 3, 92),
(258, '41.13', 'https://www.onbuy.com/gb/ps4-games/persona-5-ps4~c3157~p4792629/', 31, 4, 56),
(259, '44.95', 'https://pulsar.ebay.co.uk/plsr/clk/0/SADS/9?pld=%7B%22mecs%22%3A%223235530140842b4ca557b9654c278c3b399f68444c91%22%2C%22enc%22%3A%22AQADAAAC4BkojIFHYtWT%2BANpG6F7t2FND9aCyELaE0LU6wfZI6JpXu%2FxZBBw46uLuZYvmn2vkQLc2C74w0XThXsYJHGiXQt6rw4fa5hzIZOQvUmEk3tSUpInKwwbYWIfIBhiLsiHkyGHOBoH%2BnILH1RmQNGyn%2BDQDO3zmvfd6W0K%2BEUYdkZPUeEv%2FZzTIbDBM1A%2F1x%2BgH1rpTM4DOelkAYiMcn9kFcLWfR0sEo0uH4XdMN29D4eQowioJFNxlCNN9XMD5Br940ZRLiSji5tNd%2F1Ri0RBn5Aq%2BsJmIJXOmBIgCvEzH4aNZ77HKiO7UBin8YJCvzaDSmF0tC5CYRN9u4plZtJZw4y8LWEw4Ra3i02HbTp5oug2iYVguM%2BQtrCCUpNeHCSyIAwMbXqWPCsY3VBaE1fhXM%2BA%2F4GD7msbDzdS3%2FXiKwiWo6v581hfn1lsejy2AzjN27oxXitv3aKjIn1xlrQEi6TNRTElr5WkastD4lcbfuFdiQl%2F7CP60FTU%2B8N9qhQipQpLhEe0i2VnWNg9QlTmIlZakUNMZaoGxVFsszPp%2B0fJWLuVSSp3pZq%2FcMINHUlI3mo033MaNHXeVjrkv18EzU9MnyH7iglXo5ZhIHJ1IvU9Sn8aSQLg6vavfjvj4QSdrfz7pRnPED%2FT7yg%2FtLpj97k8L7xKWy%2BcB%2FK%2BfZfYIS4EaTt8%2BYBR7scdp9TwNrHN8br4OJ1RKeUym%2F%2F8JjvB0miutK9e4XVLpWRf8%2BcPSLYBN2Ru3mtOrhnu%2BNGVCgUuiM%2Bg%2FDuCun175Ky8wUikwK3eza7MfypD0TvajdTYYcptSKJGMLsWA36VyihH0J1VyCsQ1KeaCfwPYpxhL7t3PU5jEmQt6nIZZ%2F6tjahDFZAflmbb1Y1eaP2C5TZ4elpVZe83jtvJLJ%2BVq8YhCrQOCpSltYtshe3m7wngYplEk085Nw2lL%2FKk6B2k5RExpJVq%2BLYOeFZyTeZgCH6NWgb%2BaO0%3D%22%7D', 17, 2, 31),
(260, '14.85', 'https://www.simplygames.com/p/lego-batman-3-beyond-gotham-xbox-one', 70, 1, 120),
(261, '21.85', 'https://www.simplygames.com/p/tekken-7-ps4', 71, 1, 121),
(262, '22.99', 'https://www.base.com/buy/product/far-cry-5-ps4/dgc-fcry5ps4.htm', 43, 5, 77),
(263, '39.75', 'https://www.ebay.co.uk/itm/Hitman-2-Xbox-One/163342671680?hash=item2607fb5f40:g:cNYAAOSwdHpb1xXs:rk:2:pf:0', 17, 2, 32),
(264, '24.99', 'https://www.base.com/buy/product/far-cry-5-xbox-one/dgc-fcry5x1.htm', 43, 5, 78),
(265, '16.85', 'https://www.simplygames.com/p/tekken-7-xbox-one', 71, 1, 122),
(266, '11.62', 'https://www.onbuy.com/gb/ps4-games/mass-effect-andromeda-ps4~c3157~p3451893/', 32, 4, 57),
(267, '39.99', 'https://www.argos.co.uk/product/8375249', 54, 3, 95),
(268, '11.62', 'https://www.onbuy.com/gb/xbox-one-games/mass-effect-andromeda-video-game-xbox-one~c3161~p1878026/', 32, 4, 58),
(269, '22.85', 'https://www.simplygames.com/p/fortnite-deep-freeze-bundle-ps4', 72, 1, 123),
(270, '39.99', 'https://www.argos.co.uk/product/8375256', 54, 3, 96),
(271, '22.85', 'https://www.simplygames.com/p/fortnite-deep-freeze-bundle-xbox-one', 72, 1, 124),
(272, '17.85', 'https://www.simplygames.com/p/zone-of-the-enders-2nd-runner-mars-vr-compatible-ps4', 73, 1, 125),
(273, '17.85', 'https://www.ebay.co.uk/itm/The-Last-of-Us-Remastered-HITS-Range-PS4-Fast-Free-UK-P-P/123258061853?epid=19020926526&hash=item1cb2c0c41d:g:m9YAAOSwUO5bT1hv:rk:1:pf:0', 18, 2, 33),
(274, '14.85', 'https://www.simplygames.com/p/until-dawn-hits-range-ps4', 74, 1, 126),
(275, '46.67', 'https://www.onbuy.com/gb/ps4-games/jurassic-world-evolution-ps4~c3157~p5706246/', 33, 4, 59),
(276, '50.05', 'https://www.onbuy.com/gb/pc-games/jurassic-world-evolution-xbox-one~c3186~p6602347/', 33, 4, 60),
(277, '39.85', 'https://www.simplygames.com/p/the-crew-2-ps4', 75, 1, 127),
(278, '39.85', 'https://www.simplygames.com/p/the-crew-2-xbox-one', 75, 1, 128),
(279, '13.85', 'https://www.simplygames.com/p/middle-earth-shadow-of-war-ps4', 76, 1, 129),
(280, '22.99', 'https://www.argos.co.uk/product/7117800', 57, 3, 100),
(281, '49.99', 'https://www.base.com/buy/product/anthem-ps4/dgc-antps4.htm', 46, 5, 81),
(282, '13.85', 'https://www.simplygames.com/p/middle-earth-shadow-of-war-xbox-one', 76, 1, 130),
(283, '22.99', 'https://www.argos.co.uk/product/7287053', 57, 3, 101),
(284, '49.99', 'https://www.base.com/buy/product/anthem-xbox-one/dgc-antx1.htm', 46, 5, 82),
(285, '18.85', 'https://www.ebay.co.uk/itm/Sega-Mega-Drive-Classics-PS4/382458882287?epid=20017448261&hash=item590c5368ef:g:Td4AAOSwo~la9A6H:rk:1:pf:0', 19, 2, 34),
(286, '19.85', 'https://www.simplygames.com/p/star-wars-battlefront-ii-ps4', 77, 1, 131),
(287, '19.85', 'https://www.simplygames.com/p/star-wars-battlefront-ii-xbox-one', 77, 1, 132),
(288, '34.85', 'https://www.simplygames.com/p/tales-of-vesperia-definitive-edition-ps4', 78, 1, 133),
(289, '37.41', 'https://www.onbuy.com/gb/pc-games/slime-ranchers-ps4~c3186~p7335822/', 35, 4, 63),
(290, '34.85', 'https://www.simplygames.com/p/tales-of-vesperia-definitive-edition-xbox-one', 78, 1, 134),
(291, '23.99', 'https://www.ebay.co.uk/itm/SEGA-Mega-Drive-Classics-Microsoft-Xbox-One-Game/362334694103?epid=4017533863&hash=item545cd4aad7:g:yfkAAOSwJ~5b8-Kj:rk:3:pf:0', 19, 2, 35),
(292, '28.17', 'https://www.onbuy.com/gb/pc-games/slime-rancher-xbox-one~c3186~p7335454/', 35, 4, 64),
(293, '14.85', 'https://www.simplygames.com/p/uncharted-4--a-thief-ps4', 79, 1, 135),
(294, '17.85', 'https://www.base.com/buy/product/monster-hunter-world-ps4/dgc-monhps4.htm', 48, 5, 84),
(295, '21.85', 'https://www.simplygames.com/p/minecraft-ps4', 80, 1, 136),
(296, '17.85', 'https://www.base.com/buy/product/monster-hunter-world-xbox-one/dgc-monhx1.htm', 48, 5, 85),
(297, '19.99', 'https://www.argos.co.uk/product/7232352', 60, 3, 104),
(298, '19.85', 'https://www.simplygames.com/p/minecraft-explorers-pack-xbox-one', 80, 1, 137),
(299, '19.99', 'https://www.argos.co.uk/product/7156971', 60, 3, 105),
(300, '22.85', 'https://www.simplygames.com/p/sniper-elite-4-ps4', 81, 1, 138),
(301, '22.85', 'https://www.simplygames.com/p/sniper-elite-4-xbox-one', 81, 1, 139),
(302, '29.95', 'https://pulsar.ebay.co.uk/plsr/clk/0/SADS/9?pld=%7B%22mecs%22%3A%223235569270284cab07fa365c47cc873851adf865b602%22%2C%22enc%22%3A%22AQADAAAC8BkojIFHYtWT%2BANpG6F7t2GVkFmHw9nVJ6uqVYXkPQLPbCVI6AItU05rM0ZbjkDKSqOqeC0csEM7wrIHkjt8ktwualHCzvH%2BJpb%2FBjXjbj0EjTVImWJZM7vUWQyNWXWhHlEv2Frh%2B77fgCt5v%2FOya28cNeuX33koBQvJFPczrPUmFgmGom5r9f5ZiT9hqOza%2Bg%2FbkxIGoRJdsVTgIUX3h%2BWdJWMJTlFTeW%2B8cJf2%2F5tGXO%2BP0aDQPUV0BjJ77DYZFmz11Rjt5yPCYh50LlCTbhH2hXGQvIvVr0Ti8rZxnAMmXcLVO%2B9PN1FnbHyqmsOLyMIU25%2FraCS0OXiW08NsRqwcQhlOioRRXKWHO9ie9XFQJ%2BSP6qfaGSh5YxEy5kf5YSt9PtgQ%2BaecKi7AppvO%2BjHk0DGksW%2B0yIWIrjo5pgNDA4R%2BGKNOZKdi5uzimA19KCbnvadWCTAqvbUHp8PVhYC6pnCG49t36I3HQPYb02ScxT5PjDCuS%2BzOJvmZgLkUVOhklaxfxf9BvBYLj0KQi%2BK0wzhpjgaPBTFdTYdepNSWENxLQxW%2Fe34GvbQDbxFKm6VIs3CGc59RTLPmB2tCNiQ0A%2F749RWIC3ov4ocQ3fywO4WJBD8pPAzaChfPmPsF7q24kodpyGHruS69q92Sv8lg1nP2Tds9nDPrB0bP0oMn3NshVEC5Q1M49%2FzoKkX6uW%2BS6hU0aMZ1FsmohbvWCfjgu6pjoAFhnYfo1o0Cy51y6%2B3tMKJ8GtsrGa0wQ6WQ6hYctpSV3yc7YucQiwqKF%2FGpKxK5VCwfSxF%2Fab3HuIsr%2BE%2FkUDgO1o2lTv91ouAKSIGEtsE8TipR6vofC2cibn2aY%2B8jL79%2Fi%2F6116DlUN92bdoupCvvQLUQ%2BSkkQPmrJPSDrkboB8o3%2F7wtu9ofwLNKxx%2BxUzoPkRynGGZfP1%2FSiKkl81pwD%2FIpQik045peXmbF13kCVVfeP25AjaT0KDfCFEM6D%2F2m%2FcCubGqX4dqY%22%7D', 20, 2, 36),
(303, '14.99', 'https://www.base.com/buy/product/the-evil-within-2-ps4/dgc-evilw2ps4.htm', 49, 5, 86),
(304, '12.99', 'https://www.base.com/buy/product/the-evil-within-2-xbox-one/dgc-evilw2x1.htm', 49, 5, 87),
(305, '12.85', 'https://www.simplygames.com/p/rise-of-the-tomb-raider-20-year-celebration-ps4', 82, 1, 140),
(306, '34.72', 'https://www.onbuy.com/gb/pc-games/cars-3-driven-to-win-ps4-game~c3186~p7367521/', 37, 4, 67),
(307, '13.85', 'https://www.simplygames.com/p/lego-marvel-super-heroes-ps4', 83, 1, 141),
(308, '19.85', 'https://www.simplygames.com/p/lego-marvel-super-heroes-2-xbox-one', 83, 1, 142),
(309, '18.99', 'https://www.base.com/buy/product/lego-the-ninjago-movie-videogame-ps4/dgc-legonjps4.htm', 50, 5, 88),
(310, '7.85', 'https://www.simplygames.com/p/knowledge-is-power-ps4', 84, 1, 143),
(311, '17.85', 'https://www.base.com/buy/product/lego-the-ninjago-movie-videogame-xbox-one/dgc-legonjx1.htm', 50, 5, 89),
(312, '29.99', 'https://www.argos.co.uk/product/8046365', 63, 3, 109),
(313, '23.95', 'https://www.onbuy.com/gb/ps4-games/the-sims-4-ps4~c3157~p4144575/', 38, 4, 69),
(314, '29.99', 'https://www.argos.co.uk/product/8057732', 63, 3, 110),
(315, '23.95', 'https://www.onbuy.com/gb/xbox-one-games/the-sims-4-xbox-one~c3161~p3726296/', 38, 4, 70),
(316, '42.85', 'https://www.simplygames.com/p/days-gone-ps4', 85, 1, 144),
(317, '9.85', 'https://www.simplygames.com/p/prey-ps4', 86, 1, 145),
(318, '25.95', 'https://pulsar.ebay.co.uk/plsr/clk/0/SADS/9?pld=%7B%22mecs%22%3A%224015666042299185c441de2142edb74a83017f7f72da%22%2C%22enc%22%3A%22AQADAAAC4BkojIFHYtWT%2BANpG6F7t2Ec3mtAG2A8gZhSWy0%2Bu5%2BcFr0Ci8Gvjjln2TvoK%2Fa9LwhIteVB%2B%2BTIt2C%2BLty4t6Ohovg81KXUiXYDZEM%2BNhuiBEK%2BOH14lqyC1hNGJcd8hRVpCoUh3uR7uHSPZk8DegNFIKANVrrFulWqNJtTyC%2F7gzCVB8xGwbDGuRZti4Uc3u1S92cszLKO1oDHPXT5wFzzhkKpAxKL5tLkEWQ4X5nfjDHBeIne%2BkTw%2FGuirUStP2N7lXGI8sS8cowLio52dIM9XtFfh6wuNRtnAGQvbcGHrI5pktm4Q2lbgI2rW8q49cWA1T4VUFU%2B9%2FzmYqkmdIL7PBxV%2BUm6vkQeH8R6BLAMeoROZCsZ3Ol%2FYe0kbgV4kGXx1TmnXa4oqb2gDg613LzMypU4QXXC7sMv4slfFA%2FzvWG%2FwiXFCtuuYFKq68HA9GtCBr0%2BdiwF5kKrw05b15mI6fYq2h19NpAbbo5zegXEw%2FitYp1Z0dhHGJ5UEk4AXL5JErHkTK8Y80y8MqGAsN7oPFH3Fe4ZEhvbbA0spTlvGiKt1jj7nUPogGxJbLkf9WfuFl4gpxwAj%2BWqaNtc75ZHa5L7qAG0QrEQTqwaQ6am6RDi0HLgNZpLJpzrszP6FQ2nXTJbhB4uxKkVG8vXhZ5vH3rdgFRe2yCEB3PvpIVrTQIEJEbfVVc3jM4qFazDVVVVqOuCfADbtaOoK8ka4opG3lGPMJ2jbKkkUUwe0CnX7JTxbMhz4NrwbIMSEnLDAm6kD97umniXaD1jTJUftvdflmhUMzZxyN6lemeHEIvM2zIeHCY%2Fb5lV5haDYzg7w2Js3XGjF02g5zjg2uJHayWnppycdXI7lk5v70%2BHF3Htj4k5GRJA8FPDVaKXF2hDSp5jkhgeN18OJ%2Bt7XV5kmH6VLwuWvr2FvzMN1Ysi6S9nbGl8lgl4inLGaVXqGxKg%2BpNGYxj0vVNzzX7oxv7G8l0%3D%22%7D', 20, 2, 37),
(319, '34.99', 'https://www.base.com/buy/product/dragon-quest-xi-echoes-of-an-elusive-age-edition-of-light-ps4/dgc-drgqxieoeaps4.htm', 51, 5, 90),
(320, '9.85', 'https://www.simplygames.com/p/prey-xbox-one', 86, 1, 146),
(321, '44.85', 'https://www.simplygames.com/p/ace-combat-7-ps4', 87, 1, 147),
(322, '47.78', 'https://www.onbuy.com/gb/pc-games/pro-evolution-soccer-2019-ps4~c3186~p7331431/', 39, 4, 71),
(323, '44.85', 'https://www.simplygames.com/p/ace-combat-7-skies-unknown-xbox-one', 87, 1, 148),
(324, '47.72', 'https://www.onbuy.com/gb/pc-games/pro-evolution-soccer-2019-xbox-one~c3186~p7336613/', 39, 4, 72),
(325, '18.85', 'https://www.ebay.co.uk/itm/HITMAN-Definitive-Edition-PS4-Brand-New-Sealed-Free-UK-Dispatch/253601777546?epid=3017674497&hash=item3b0bd8078a:g:fV0AAOSw5EBa7B7A:rk:3:pf:0', 21, 2, 38),
(326, '46.99', 'https://www.argos.co.uk/product/8108179', 66, 3, 112),
(327, '46.99', 'https://www.argos.co.uk/product/8108186', 66, 3, 113),
(328, '32.85', 'https://www.simplygames.com/p/trials-rising-gold-edition-ps4', 89, 1, 149),
(329, '40.39', 'https://www.base.com/buy/product/divinity-original-sin-2-definitive-edition-ps4/dgc-divorg2deps4.htm', 53, 5, 93),
(330, '32.85', 'https://www.simplygames.com/p/trials-rising-gold-edition-xbox-one', 89, 1, 150),
(331, '40.39', 'https://www.base.com/buy/product/divinity-original-sin-2-definitive-edition-xbox-one/dgc-divorg2dex1.htm', 53, 5, 94),
(332, '76.33', 'https://www.onbuy.com/gb/pc-games/wwe-2k19-ps4-usk-16~c3186~p7334780/', 40, 4, 73),
(333, '39.99', 'https://www.ebay.co.uk/itm/Hitman-Definitive-Edition-Microsoft-Xbox-One-Game-18-Years/352473312295?epid=18017667616&hash=item52110bec27:g:D4AAAOSwFZZb8-Kj:rk:6:pf:0', 21, 2, 39),
(334, '19.85', 'https://www.simplygames.com/p/the-witcher-3-wild-hunt-game-of-the-year-edition-ps4', 90, 1, 151);
INSERT INTO `retailerprice` (`id`, `price`, `url`, `product_id`, `retailer_id`, `productimage_id`) VALUES
(335, '19.99', 'https://www.argos.co.uk/product/6738833', 67, 3, 114),
(336, '19.85', 'https://www.simplygames.com/p/the-witcher-3-wild-hunt-game-of-the-year-edition-xbox-one', 90, 1, 152),
(337, '19.99', 'https://www.argos.co.uk/product/6735290', 67, 3, 115),
(338, '14.85', 'https://www.simplygames.com/p/lego-marvel-avengers-ps4', 91, 1, 153),
(339, '39.59', 'https://www.base.com/buy/product/we-happy-few-ps4/dgc-wehfps4.htm', 54, 5, 95),
(340, '14.85', 'https://www.simplygames.com/p/lego-marvel-avengers-xbox-one', 91, 1, 154),
(341, '39.99', 'https://www.argos.co.uk/product/8836702', 68, 3, 116),
(342, '18.85', 'https://www.simplygames.com/p/watch-dogs-2-ps4', 92, 1, 155),
(343, '39.99', 'https://www.argos.co.uk/product/8879680', 68, 3, 117),
(344, '21.85', 'https://www.simplygames.com/p/watch-dogs-2-xbox-one', 92, 1, 156),
(345, '12.49', 'https://www.base.com/buy/product/ashes-cricket-ps4/dgc-ashcps4.htm', 55, 5, 97),
(346, '8.99', 'https://pulsar.ebay.co.uk/plsr/clk/0/SADS/9?pld=%7B%22mecs%22%3A%22323458704801962f52c3abce4fc1ae9addda80af0039%22%2C%22enc%22%3A%22AQADAAAC0BkojIFHYtWT%2BANpG6F7t2G4wVlFnaVV6DhOign2gJwc7ygp0j%2BeYZKRXt%2BWr6D0MI03sVDooJCjZzeumrOu9XSK3RBkg1p59axtW3ajmf2aBUGDRNkVd7HjhHoZxHsBGGYYs4y4u9EWoB5ruq%2BgjdOnoXKZ7IeFqHvWWpEgQ9yPMobDxCyW%2FRg5xtm2qP1In1tH%2BD5ipmhrlGxlX8UaS5LWPDMjSnkmUzDzV49LlzvGD%2Bd%2Fy0vZy8h7ce0yNv7xAuXefob6xP31ulWUchur1F%2BwE1Dps8Ayarw5cWrlEfPIGsSTX%2Bp09ZWKf8GTfbipAipxIGiMSuaObQfLyETLojiTlUdU4wbD3aXOodo3DvH8VeYu07TZEmz%2BGvFYZ%2FJIYmx3nmRVW07w90gJToL7zVy4F4W8ON9%2BzppEMHOMFFqRhByuddJycfqy%2FA08FhFZ%2FZzKv2rwtX91SLd4HUNJmUBMMZE3OP%2FNbO2uh5T9eNqOZj4KZFeyhRX7VR48Yt83pZVKTlfsFns1rTIBWVVTP0RckMFYpc%2BVPByNYqXqqovLAmpVljXYkuDzsS6igXPgp2qDLka87ewXgB4CBYZufWnTW6uUgjheNJ84yXpUjdKhDyXM9157QqQ2ebSwwbSPkJh4hpAcCPpWHl%2ByX1WTSgnxTjWLbWEDw7dSLxJJq7SH%2BxukP4R1Adi5KpsENh8Kr5ACBTBAkB8CjLT%2FVMiHuZrGTpikT3bB2YEQcRh4YwyAiS5sd9LTFH8QAUiDIwVdG7MFCKiT%2B2ca1OyeP5fjmTqfotySoVlzgZIiD7oqHHkcmOmKGTeS%2BMvJtBbr8q6Cc6rCagfYcUQS2X9za2N%2FP2aYyVyI0z9P1lPc%2FaLNPzXIe1e%2FOMP%2BnRq0AMuf1fZj5fc6Pqi9gQlUdmY1BoFGGz0C28VM0UYUHbCtGM1bqfDD8zozmN84hA9Oa9hG%2BLNmhQ%3D%3D%22%7D', 22, 2, 40),
(347, '11.49', 'https://www.base.com/buy/product/ashes-cricket-xbox-one/dgc-ashcx1.htm', 55, 5, 98),
(348, '9.85', 'https://www.simplygames.com/p/fallout-4-ps4', 93, 1, 157),
(349, '7.85', 'https://www.simplygames.com/p/fallout-4-xbox-one', 93, 1, 158),
(350, '13.85', 'https://www.simplygames.com/p/the-lego-movie-video-game-ps4', 95, 1, 159),
(351, '14.85', 'https://www.simplygames.com/p/the-lego-movie-video-game-xbox-one', 95, 1, 160),
(352, '6.49', 'https://pulsar.ebay.co.uk/plsr/clk/0/SADS/9?pld=%7B%22mecs%22%3A%22253930725707cefddcfc34b84d8e899e479a2bbd5b12%22%2C%22enc%22%3A%22AQADAAACwBkojIFHYtWT%2BANpG6F7t2GMeT7aSMpCgFECV%2FBYgkQTr8X7GpEEN2xW6X7Ez9wzUD3QGbmtezquD7o6qrvPbXtbaRy4n1FVKtASLH0Dp7f9N2VZI%2BPOb09hESpWEoIbo3grXZTCwqqCr5WdGP9Y4nqvjN3mK4BhferubYq7QXfa5R%2F9LFvCH7x%2BU%2F1JNWctDgesX1EAH2xuX3B9q%2F0wFAKtcrvkA%2Fc7tx9GyZXqyeZLI8MepKcOaq5JUVPqxh6l6mgCJitxZyUt2F47FZarm6cr6hxsExbxgWKaC34ZSgnsV0K%2B4U2mM%2BN6TwJkCjXaQdaTBXeJjut8U9WPDdRDnD0n27jIULqBEagKzrc6smhew%2Be8IqqCIf16yacxFrmP8NGCeSR%2FNmWV0xhWq7gTme%2BR5Z90qNU9PFZQ6LX%2FUyqNo%2BTtpFQe8zGgtHc3yVf72b3sIBctquswzjPVqE7XP%2BEjjB7x2BiiVfgeTjx9wgBZioUGmUWpSUem9dxuBTxkkdDV0X24iAnTJaA28KZKXYrv8GsgpOGkg%2BjmlJm0unWSB27UkH4jACBjOGruSBIW22XUOCn1REocdQmEITqdcJMNvI4Qq1b0neIxQ51GABftKlo1s8MiEAvMVl9%2FmnagqmXQoTktntQDwqGtF2rIxoaYcSaX39eiiv%2FMM5ZPr0hN4mG419gXx%2FGR9WM5Y69E8IGgEZUvxBfyoAin6P0rZ11GVjxdeYtGQw9GcybTqWfFO%2Be94XmcpXAk4AlgJYomRaztREe1oASb7Jdf7QMvrxEDMRlwiqboOydy65rTnhY%2FSrhm%2B7stjMNekXfkuMfhnAnRFhFH6k86soSWf5MvZ4cIMioVx2tfd%2FOLXGRsmHH8pXXNU2hfKLT%2BvinJhSJM9PYWyOAsPw17W3Z%2B%2BMyMVUF%2B%2FGDu5G9nIZaldXN2Bbar%22%7D', 22, 2, 41),
(353, '22.85', 'https://www.simplygames.com/p/project-cars-2---standard-edition-ps4', 97, 1, 161),
(354, '21.85', 'https://www.simplygames.com/p/project-cars-2---standard-edition-xbox-one', 97, 1, 162),
(355, '25.99', 'https://www.argos.co.uk/product/6531810', 71, 3, 121),
(356, '16.85', 'https://www.base.com/buy/product/call-of-duty-wwii-ps4/dgc-codww2ps4.htm', 57, 5, 100),
(357, '25.99', 'https://www.argos.co.uk/product/6531906', 71, 3, 122),
(358, '18.85', 'https://www.simplygames.com/p/adventure-time-pirates-of-the-enchiridion-ps4', 98, 1, 163),
(359, '18.85', 'https://www.simplygames.com/p/adventure-time-pirates-of-the-enchiridion-xbox-one', 98, 1, 164),
(360, '14.09', 'https://www.ebay.co.uk/itm/Ride-2-PS4/391583209146?epid=2254745244&hash=item5b2c2d96ba:g:KR8AAOSwH2tbXysN:rk:2:pf:0', 23, 2, 42),
(361, '19.99', 'https://www.argos.co.uk/product/8722311', 72, 3, 123),
(362, '19.99', 'https://www.argos.co.uk/product/8722328', 72, 3, 124),
(363, '32.30', 'https://www.onbuy.com/gb/pc-games/far-cry-5-xbox-one~c3186~p6599534/', 43, 4, 78),
(364, '14.85', 'https://www.simplygames.com/p/gravel-ps4', 99, 1, 165),
(365, '15.85', 'https://www.simplygames.com/p/gravel-xbox-one', 99, 1, 166),
(366, '137.10', 'https://www.ebay.co.uk/itm/Ride-2-Xbox-One/302713289598?hash=item467b1e3b7e:g:UeUAAOSwmYta-h-0:rk:6:pf:0', 23, 2, 167),
(367, '29.85', 'https://www.simplygames.com/p/shining-resonance-refrain---draconic-launch-edition-ps4', 100, 1, 168),
(368, '24.85', 'https://www.simplygames.com/p/shining-resonance-refrain---draconic-launch-edition-xbox-one', 100, 1, 169),
(369, '9.85', 'https://www.simplygames.com/p/pinball-arcade-season-2-ps4-42035', 101, 1, 170),
(370, '14.85', 'https://www.simplygames.com/p/turtle-beach-recon-chat-black-headset-ps4', 102, 1, 171),
(371, '47.99', 'https://www.argos.co.uk/product/8374288', 75, 3, 127),
(372, '19.99', 'https://www.ebay.co.uk/itm/Black-Clover-Quartet-Knights-PS4-New-Sealed-UK-PAL/253815816577?epid=28019115171&hash=item3b189a0181:g:XL4AAOSwNqFbdV8T:rk:2:pf:0', 24, 2, 43),
(373, '14.85', 'https://www.simplygames.com/p/turtle-beach-recon-chat-black-headset-xbox-one', 102, 1, 172),
(374, '47.99', 'https://www.argos.co.uk/product/8243278', 75, 3, 128),
(375, '27.85', 'https://www.simplygames.com/p/beast-quest-ps4', 103, 1, 173),
(376, '27.85', 'https://www.simplygames.com/p/beast-quest-xbox-one', 103, 1, 174),
(377, '29.85', 'https://www.simplygames.com/p/valkyria-chronicles-4-ps4', 104, 1, 175),
(378, '19.85', 'https://www.simplygames.com/p/valkyria-chronicles-4-xbox-one', 104, 1, 176),
(379, '38.99', 'https://www.argos.co.uk/product/7254598', 77, 3, 131),
(380, '38.99', 'https://www.argos.co.uk/product/7238662', 77, 3, 132),
(381, '11.85', 'https://www.simplygames.com/p/frantics-ps4', 105, 1, 177),
(382, '37.85', 'https://www.base.com/buy/product/darksiders-3-ps4/dgc-ds3ps4.htm', 62, 5, 107),
(383, '37.85', 'https://www.base.com/buy/product/darksiders-3-xbox-one/dgc-ds3x1.htm', 62, 5, 108),
(384, '12.99', 'https://www.simplygames.com/p/the-elder-scrolls-online-summerset-ps4', 106, 1, 178),
(385, '41.95', 'https://pulsar.ebay.co.uk/plsr/clk/0/SADS/9?pld=%7B%22mecs%22%3A%2232355851878573fe258219d44cdd848e2efba72be2e9%22%2C%22enc%22%3A%22AQADAAAC8BkojIFHYtWT%2BANpG6F7t2HPu5dB3V6YQ1sFpxece3IbcyluL945j%2F863E1LZVhIBQtajGNNGTNSXN%2Btx9nj41izshfPlfG7ONb4CEQXhMZOMvZXLgUdCmJ%2FMRMaah82mp3lVDDphqmM6lAUWvjCgfpqP4SSC24bglRpZmDuUBBebXCo0qPEdHeyGXdnftPb3E%2Brqkx3l1qgs59Nbzf6BqtJHc58kuPnWfo76uuuFpMmhUJLkTZRhmMla2ebMSagcEro8WnnNVu3gwL7Z1609aOLVoW6OCrnWN%2BCCJKmOP%2BBX8AReUJzT2hAfXXRFpC9ZqiwTVG%2BSEFPew23RLH1Qz1cfRCSgnvP2KwliS3qTSR4Sse8wTtgpJc%2FLIjE6rcJBxSh7i2VG9Vq1FDzSkX6Z931wrxK9VMGt4FOQ2N9jyrkO8bYwxfeBVtUQx%2FTlbILdnNkVn4o0RmKiapUxQjhgc4auPhHXfniQ1J5%2Fywlc3PE2m0dhZWxxgCBqFkEBGVJp4hb0CVQq3hOQj%2ByWqqXQwzceP0afaCLky7MkpEqzX%2FBYrzHXMLB%2Bcox%2B7FNPs%2B8OkHZECIjRxcwRZirQMxrky7L7Ap5nQsvYMZPkgljq%2B%2BxMGc%2FiTSHYZ47a2CkucAl3xIv7yU%2F7kGgsoTI7yjGEWuvZdswIvI0ufHswAEMKIwF731585c9EjNZsB7CqOV0B%2BmlA5OVhuWji%2BfudPQcfm%2BzNZTbDmzCJukklexQJHlCNHp8KrLgjT70KCsXvxigrjjipWEK2ev0tqGDHZPrUlR7sZ86aYIfAkB20%2BNoaEvtf%2BLr5K4HoiSgWQrkRFs%2Bqr%2FVZnh16LdNpyaYLor53W94E0soYf%2BP4bMfeBL3bQcHDI0uW2B3M0kRNjE%2FkNvwltCv6kZtdrHfgbbVvV1Q%2FJhLByo6YyOFOJ8FNO7hreBkouVBgvjOEz48ptq8B9%2FJJMBZIz0klIvyulrRQ4WnvOWs17rJuTXImHdsmPRlAb5D%22%7D', 25, 2, 44),
(386, '19.85', 'https://www.simplygames.com/p/the-elder-scrolls-online-summerset-xbox-one', 106, 1, 179),
(387, '39.85', 'https://www.simplygames.com/p/new-gundam-breaker-ps4', 107, 1, 180),
(388, '23.69', 'https://www.base.com/buy/product/dark-souls-remastered-ps4/dgc-dsrps4.htm', 63, 5, 109),
(389, '15.99', 'https://www.argos.co.uk/product/8353199', 79, 3, 135),
(390, '26.85', 'https://www.ebay.co.uk/itm/Just-Dance-2019-Xbox-One/362445544356?epid=5024050129&hash=item5463701ba4:g:MGoAAOSwFYZbre-e:rk:1:pf:0', 25, 2, 45),
(391, '17.85', 'https://www.base.com/buy/product/dark-souls-remastered-xbox-one/dgc-dsrx1.htm', 63, 5, 110),
(392, '19.85', 'https://www.simplygames.com/p/dakar-18-ps4', 108, 1, 181),
(393, '24.85', 'https://www.simplygames.com/p/dakar-18-xbox-one', 108, 1, 182),
(394, '18.37', 'https://www.onbuy.com/gb/ps4-games/the-evil-within-2-video-game-ps4~c3157~p1877719/', 49, 4, 86),
(395, '18.37', 'https://www.onbuy.com/gb/xbox-one-games/the-evil-within-2-video-game-xbox-one~c3161~p1877979/', 49, 4, 87),
(396, '24.85', 'https://www.simplygames.com/p/hero-defense-ps4', 109, 1, 183),
(397, '19.99', 'https://www.argos.co.uk/product/2483704', 80, 3, 136),
(398, '20.99', 'https://www.argos.co.uk/product/8665447', 80, 3, 137),
(399, '44.85', 'https://www.simplygames.com/p/sword-art-online-fatal-bullet-ps4', 110, 1, 184),
(400, '29.85', 'https://www.simplygames.com/p/sword-art-online-fatal-bullet-xbox-one', 110, 1, 185),
(401, '39.59', 'https://www.ebay.co.uk/itm/EA-Sports-UFC-3-PS4-NEW-SEALED-Fast-Dispatch-Free-UK-P-P-UK-SELLER/362486925058?hash=item5465e78702:g:YzoAAOSw1Exb7FAQ:rk:2:pf:0', 26, 2, 46),
(402, '21.49', 'https://www.argos.co.uk/product/6069959', 81, 3, 138),
(403, '44.85', 'https://www.simplygames.com/p/metro-exodus-ps4', 111, 1, 186),
(404, '17.99', 'https://www.base.com/buy/product/kingdom-hearts-hd-2-8-final-chapter-prologue-ps4/dgc-kinghhd28ps4.htm', 65, 5, 187),
(405, '44.85', 'https://www.simplygames.com/p/metro-exodus-xbox-one', 111, 1, 188),
(406, '26.85', 'https://www.simplygames.com/p/the-banner-saga-trilogy-bonus-edition--ps4', 112, 1, 189),
(407, '26.85', 'https://www.simplygames.com/p/the-banner-saga-trilogy-bonus-edition--xbox-one', 112, 1, 190),
(408, '24.85', 'https://www.base.com/buy/product/fallout-76-ps4/dgc-fallout76ps4.htm', 66, 5, 112),
(409, '44.85', 'https://www.simplygames.com/p/wolfenstein-youngblood-ps4', 113, 1, 191),
(410, '37.85', 'https://www.base.com/buy/product/fallout-76-xbox-one/dgc-fallout76x1.htm', 66, 5, 113),
(411, '19.99', 'https://www.argos.co.uk/product/7232352', 83, 3, 141),
(412, '44.85', 'https://www.simplygames.com/p/wolfenstein-youngblood-xbox-one', 113, 1, 192),
(413, '19.99', 'https://www.argos.co.uk/product/7156971', 83, 3, 142),
(414, '19.85', 'https://www.simplygames.com/p/tennis-world-tour-ps4', 114, 1, 193),
(415, '19.85', 'https://www.simplygames.com/p/tennis-world-tour-xbox-one', 114, 1, 194),
(416, '15.99', 'https://www.argos.co.uk/product/8654362', 84, 3, 143),
(417, '14.85', 'https://www.base.com/buy/product/lego-city-undercover-ps4/dgc-legcups4.htm', 67, 5, 114),
(418, '14.85', 'https://www.base.com/buy/product/lego-city-undercover-xbox-one/dgc-legocux1.htm', 67, 5, 115),
(419, '21.85', 'https://www.simplygames.com/p/hotel-transylvania-3-monsters-overboard-ps4', 115, 1, 195),
(420, '19.85', 'https://www.simplygames.com/p/hotel-transylvania-3-monsters-overboard-xbox-one', 115, 1, 196),
(421, '54.99', 'https://www.argos.co.uk/product/5722101', 85, 3, 144),
(422, '39.99', 'https://www.base.com/buy/product/call-of-cthulhu-ps4/dgc-cthuhups4.htm', 68, 5, 116),
(423, '44.85', 'https://www.simplygames.com/p/dying-light-2-ps4', 116, 1, 197),
(424, '44.85', 'https://www.simplygames.com/p/dying-light-2-xbox-one', 116, 1, 198),
(425, '11.99', 'https://www.argos.co.uk/product/6989888', 86, 3, 145),
(426, '27.85', 'https://www.simplygames.com/p/motogp-18-ps4', 117, 1, 199),
(427, '14.99', 'https://www.argos.co.uk/product/6992600', 86, 3, 146),
(428, '22.85', 'https://www.simplygames.com/p/motogp-18-xbox-one', 117, 1, 200),
(429, '15.60', 'https://www.onbuy.com/gb/ps4-games/ashes-cricket-ps4~c3157~p3466515/', 55, 4, 97),
(430, '49.85', 'https://www.simplygames.com/p/assassins-creed-odyssey-gold-edition-ps4', 118, 1, 201),
(431, '14.08', 'https://www.onbuy.com/gb/xbox-one-games/ashes-cricket-xbox-one~c3161~p4260832/', 55, 4, 98),
(432, '39.85', 'https://www.simplygames.com/p/warriors-orochi-4--ps4', 119, 1, 202),
(433, '34.85', 'https://www.simplygames.com/p/warriors-orochi-4--xbox-one', 119, 1, 203),
(434, '29.85', 'https://www.simplygames.com/p/fist-of-the-north-star-lost-paradise-ps4', 120, 1, 204),
(435, '19.85', 'https://www.base.com/buy/product/tekken-7-ps4/dgc-tekken7ps4.htm', 71, 5, 121),
(436, '39.85', 'https://www.simplygames.com/p/dead-or-alice-6-ps4', 122, 1, 205),
(437, '22.09', 'https://www.base.com/buy/product/tekken-7-xbox-one/dgc-tekken7x1.htm', 71, 5, 122),
(438, '39.85', 'https://www.simplygames.com/p/dead-or-alice-6-xbox-one', 122, 1, 206),
(439, '29.85', 'https://www.simplygames.com/p/team-sonic-racing-ps4', 123, 1, 207),
(440, '29.85', 'https://www.simplygames.com/p/team-sonic-racing-xbox-one', 123, 1, 208),
(441, '15.85', 'https://www.simplygames.com/p/dragonball-xenoverse-2-hits-range-ps4', 124, 1, 209),
(442, '47.85', 'https://www.simplygames.com/p/rage-2-ps4', 125, 1, 210),
(443, '47.85', 'https://www.simplygames.com/p/rage-2-xbox-one', 125, 1, 211),
(444, '44.85', 'https://www.simplygames.com/p/nba-2k19-ps4', 126, 1, 212),
(445, '44.85', 'https://www.simplygames.com/p/nba-2k19-xbox-one', 126, 1, 213),
(446, '28.87', 'https://www.onbuy.com/gb/pc-games/sony-uncharted-the-lost-legacy-ps4~c3186~p6787591/', 59, 4, 103),
(447, '39.85', 'https://www.simplygames.com/p/tropico-6-ps4', 127, 1, 214),
(448, '39.85', 'https://www.simplygames.com/p/tropico-6-xbox-one', 127, 1, 215),
(449, '18.99', 'https://www.argos.co.uk/product/8167684', 93, 3, 157),
(450, '64.99', 'https://www.base.com/buy/product/the-crew-2-gold-edition-ps4/dgc-c2geps4.htm', 75, 5, 127),
(451, '29.85', 'https://www.simplygames.com/p/starlink-battle-for-atlas-ps4', 128, 1, 216),
(452, '9.49', 'https://www.argos.co.uk/product/4489263', 93, 3, 158),
(453, '29.85', 'https://www.simplygames.com/p/starlink-battle-for-atlas-xbox-one', 128, 1, 217),
(454, '14.85', 'https://www.simplygames.com/p/plants-vs-zombies-garden-warfare-ps4', 129, 1, 218),
(455, '14.85', 'https://www.simplygames.com/p/plants-vs-zombies-garden-warfare-xbox-one', 129, 1, 219),
(456, '37.99', 'https://www.onbuy.com/gb/ps4-games/yakuza-6-the-song-of-life-ps4~c3157~p6931774/?condition=used', 61, 4, 106),
(457, '9.99', 'https://www.simplygames.com/p/final-fantasy-12-zodiac-age-ps4', 130, 1, 220),
(458, '19.85', 'https://www.simplygames.com/p/the-occupation-ps4', 131, 1, 221),
(459, '19.85', 'https://www.simplygames.com/p/the-occupation-xbox-one', 131, 1, 222),
(460, '14.85', 'https://www.simplygames.com/p/assassins-creed-iv-black-flag-playstation-hits-range-ps4', 132, 1, 223),
(461, '12.99', 'https://www.simplygames.com/p/overwatch-origins-edition-ps4', 133, 1, 224),
(462, '21.85', 'https://www.simplygames.com/p/overwatch-origins-edition-xbox-one', 133, 1, 225),
(463, '25.99', 'https://www.argos.co.uk/product/7156751', 97, 3, 161),
(464, '25.99', 'https://www.argos.co.uk/product/7029558', 97, 3, 162),
(465, '27.96', 'https://www.onbuy.com/gb/pc-games/dark-souls-remastered-ps4~c3186~p6602350/', 63, 4, 109),
(466, '16.85', 'https://www.simplygames.com/p/knack-2-ps4', 134, 1, 226),
(467, '26.74', 'https://www.onbuy.com/gb/xbox-one-games/dark-souls-remastered-xbox-one~c3161~p5467791/', 63, 4, 110),
(468, '16.59', 'https://www.base.com/buy/product/uncharted-4-a-thiefs-end-ps4/dgc-unchartedps4.htm', 79, 5, 135),
(469, '29.99', 'https://www.argos.co.uk/product/8046853', 98, 3, 163),
(470, '29.99', 'https://www.argos.co.uk/product/8046884', 98, 3, 164),
(471, '19.85', 'https://www.simplygames.com/p/v-rally-4-ps4', 136, 1, 227),
(472, '24.85', 'https://www.simplygames.com/p/v-rally-4-xbox-one', 136, 1, 228),
(473, '19.99', 'https://www.base.com/buy/product/minecraft-ps4/dgc-minecraftps4.htm', 80, 5, 136),
(474, '22.79', 'https://www.base.com/buy/product/minecraft-starter-collection-xbox-one-xbox-one/dgc-minecfscx1.htm', 80, 5, 137),
(475, '14.85', 'https://www.simplygames.com/p/far-cry-4-limited-edition-ps4', 137, 1, 229),
(476, '9.85', 'https://www.simplygames.com/p/far-cry-4-xbox-one', 137, 1, 230),
(477, '42.85', 'https://www.simplygames.com/p/rugby-league-live-4-ps4', 138, 1, 231),
(478, '24.58', 'https://www.onbuy.com/gb/ps4-games/kingdom-hearts-hd-28-final-chapter-prologue-ps4~c3157~p1877862/', 65, 4, 187),
(479, '42.85', 'https://www.simplygames.com/p/rugby-league-live-4-xbox-one', 138, 1, 232),
(480, '44.99', 'https://www.argos.co.uk/product/8359942', 100, 3, 169),
(481, '22.09', 'https://www.base.com/buy/product/sniper-elite-4-standard-edition-xbox-one/dgc-se4sex1.htm', 81, 5, 139),
(482, '13.85', 'https://www.simplygames.com/p/resident-evil-6-ps4', 139, 1, 233),
(483, '11.85', 'https://www.simplygames.com/p/resident-evil-6-xbox-one', 139, 1, 234),
(484, '14.85', 'https://www.simplygames.com/p/8-to-glory-ps4', 140, 1, 235),
(485, '37.73', 'https://www.onbuy.com/gb/pc-games/fallout-76-ps4~c3186~p6602388/', 66, 4, 112),
(486, '14.85', 'https://www.simplygames.com/p/8-to-glory-xbox-one', 140, 1, 236),
(487, '46.22', 'https://www.onbuy.com/gb/tv-movies-and-video-games/fallout-76-xbox-one~c11238~p6602345/', 66, 4, 113),
(488, '16.85', 'https://www.simplygames.com/p/terraria-ps4-42525', 141, 1, 237),
(489, '16.85', 'https://www.simplygames.com/p/terraria-xbox-one-42526', 141, 1, 238),
(490, '15.99', 'https://www.argos.co.uk/product/7456293', 103, 3, 173),
(491, '14.85', 'https://www.simplygames.com/p/lego-star-wars-the-force-awakens-ps4', 142, 1, 239),
(492, '15.99', 'https://www.argos.co.uk/product/7496576', 103, 3, 174),
(493, '14.85', 'https://www.simplygames.com/p/lego-star-wars-the-force-awakens-xbox-one', 142, 1, 240),
(494, '23.94', 'https://www.onbuy.com/gb/ps4-games/lego-city-undercover-video-game-ps4~c3157~p1877658/', 67, 4, 114),
(495, '22.85', 'https://www.simplygames.com/p/the-last-of-us-remastered-ps4', 143, 1, 241),
(496, '48.85', 'https://www.base.com/buy/product/days-gone-ps4/dgc-daygps4.htm', 85, 5, 144),
(497, '19.85', 'https://www.simplygames.com/p/cities-skyline-ps4', 144, 1, 242),
(498, '19.85', 'https://www.simplygames.com/p/cities-skylines-xbox-one', 144, 1, 243),
(499, '15.99', 'https://www.argos.co.uk/product/8055198', 105, 3, 177),
(500, '19.85', 'https://www.simplygames.com/p/trailblazers-ps4', 145, 1, 244),
(501, '57.66', 'https://www.onbuy.com/gb/pc-games/call-of-cthulhu-xbox-one~c3186~p7335174/', 68, 4, 117),
(502, '9.85', 'https://www.base.com/buy/product/prey-ps4/dgc-preyps4.htm', 86, 5, 145),
(503, '14.85', 'https://www.simplygames.com/p/lego-jurassic-world-ps4', 146, 1, 245),
(504, '15.85', 'https://www.simplygames.com/p/lego-jurassic-world-xbox-one', 146, 1, 246),
(505, '9.85', 'https://www.simplygames.com/p/pinball-arcade-season-2-ps4', 147, 1, 247),
(506, '46.99', 'https://www.argos.co.uk/product/8109013', 107, 3, 180),
(507, '38.85', 'https://www.base.com/buy/product/ace-combat-7-skies-unknown-ps4-psvr/dgc-acec7ps4.htm', 87, 5, 147),
(508, '38.85', 'https://www.base.com/buy/product/ace-combat-7-skies-unknown-xbox-one/dgc-ace7x1.htm', 87, 5, 148),
(509, '11.85', 'https://www.simplygames.com/p/atari-flashback-classics---vol-2-ps4', 148, 1, 248),
(510, '43.99', 'https://www.argos.co.uk/product/8648835', 108, 3, 181),
(511, '16.85', 'https://www.simplygames.com/p/naruto-shippuden-ultimate-ninja-storm-4-hits-ps4', 149, 1, 249),
(512, '43.99', 'https://www.argos.co.uk/product/8649683', 108, 3, 182),
(513, '24.85', 'https://www.simplygames.com/p/428--shibuya-scramble-ps4', 150, 1, 250),
(514, '19.85', 'https://www.simplygames.com/p/rocket-league--collectors-edition-ps4', 151, 1, 251),
(515, '19.85', 'https://www.simplygames.com/p/rocket-league--collectors-edition-xbox-one', 151, 1, 252),
(516, '34.43', 'https://www.onbuy.com/gb/xbox-one-games/tekken-7-deluxe-edition-xbox-one-game~c3161~p1878017/', 71, 4, 122),
(517, '19.85', 'https://www.simplygames.com/p/street-fighter-30th-anniversary-collection-ps4', 152, 1, 253),
(518, '19.85', 'https://www.simplygames.com/p/street-fighter-30th-anniversary-collection-xbox-one', 152, 1, 254),
(519, '13.85', 'https://www.simplygames.com/p/professional-farmer-2017-gold-edition-ps4', 153, 1, 255),
(520, '9.85', 'https://www.simplygames.com/p/professional-farmer-2017-gold-edition-xbox-one', 153, 1, 256),
(521, '69.99', 'https://www.argos.co.uk/product/8667029', 111, 3, 186),
(522, '69.99', 'https://www.argos.co.uk/product/8675327', 111, 3, 188),
(523, '14.85', 'https://www.simplygames.com/p/ghostbusters--the-video-game-2016-ps4', 154, 1, 257),
(524, '14.99', 'https://www.base.com/buy/product/lego-marvel-avengers-ps4/dgc-legomavps4.htm', 91, 5, 153),
(525, '14.85', 'https://www.simplygames.com/p/ghostbusters--the-video-game-2016-xbox-one', 154, 1, 258),
(526, '16.99', 'https://www.base.com/buy/product/lego-marvel-avengers-xbox-one/dgc-legomavx1.htm', 91, 5, 154),
(527, '15.85', 'https://www.simplygames.com/p/plants-vs-zombies-garden-warfare-2-ps4', 155, 1, 259),
(528, '11.85', 'https://www.simplygames.com/p/plants-vs-zombies-garden-warfare-2-xbox-one', 155, 1, 260),
(529, '59.99', 'https://www.argos.co.uk/product/8377137', 113, 3, 191),
(530, '59.99', 'https://www.argos.co.uk/product/8520276', 113, 3, 192),
(531, '9.99', 'https://www.simplygames.com/p/rigs-mechanized-combat-league-playstation-vr-ps4', 156, 1, 261),
(532, '31.79', 'https://www.base.com/buy/product/watch-dogs-2-xbox-one/dgc-wdog2x1.htm', 92, 5, 156),
(533, '15.85', 'https://www.simplygames.com/p/chimparty-playlink-game-ps4', 157, 1, 262),
(534, '15.99', 'https://www.argos.co.uk/product/8436580', 114, 3, 193),
(535, '43.92', 'https://www.onbuy.com/gb/pc-games/the-crew-2-ps4~c3186~p7370333/', 75, 4, 127),
(536, '13.85', 'https://www.simplygames.com/p/mortal-kombat-x-hits-range-ps4', 158, 1, 263),
(537, '43.92', 'https://www.onbuy.com/gb/pc-games/the-crew-2-xbox-one~c3186~p7370329/', 75, 4, 128),
(538, '15.99', 'https://www.argos.co.uk/product/8354538', 114, 3, 194),
(539, '14.99', 'https://www.base.com/buy/product/fallout-4-goty-ps4/dgc-f4gotyps4.htm', 93, 5, 157),
(540, '19.49', 'https://www.base.com/buy/product/fallout-4-goty-xbox-one/dgc-f4gotyx1.htm', 93, 5, 158),
(541, '9.85', 'https://www.simplygames.com/p/dishonored-2-ps4', 159, 1, 264),
(542, '8.85', 'https://www.simplygames.com/p/dishonored-2-xbox-one', 159, 1, 265),
(543, '19.48', 'https://www.onbuy.com/gb/ps4-games/middle-earth-shadow-of-war-standard-edition-ps4~c3157~p1877668/', 76, 4, 129),
(544, '9.85', 'https://www.simplygames.com/p/assassins-creed-iv-black-flag-ps4', 160, 1, 266),
(545, '19.48', 'https://www.onbuy.com/gb/xbox-one-games/middle-earth-shadow-of-war-standard-edition-xbox-one~c3161~p1877954/', 76, 4, 130),
(546, '59.99', 'https://www.argos.co.uk/product/8493585', 116, 3, 197),
(547, '22.85', 'https://www.simplygames.com/p/the-dark-pictures-man-of-medan-ps4', 161, 1, 267),
(548, '59.99', 'https://www.argos.co.uk/product/8548478', 116, 3, 198),
(549, '22.85', 'https://www.simplygames.com/p/the-dark-pictures-man-of-medan-xbox-one', 161, 1, 268),
(550, '49.99', 'https://www.simplygames.com/p/strange-brigade-collectors-edition-ps4', 162, 1, 269),
(551, '14.85', 'https://www.simplygames.com/p/hitman-ps4', 163, 1, 270),
(552, '39.99', 'https://www.argos.co.uk/product/8357841', 117, 3, 200),
(553, '19.85', 'https://www.simplygames.com/p/marvel-vs-capcom-infinite-ps4', 164, 1, 271),
(554, '68.85', 'https://www.base.com/buy/product/anthem-legion-of-dawn-edition-ps4/dgc-antldeps4.htm', 96, 5, 272),
(555, '16.85', 'https://www.simplygames.com/p/marvel-vs-capcom-infinite-xbox-one', 164, 1, 273),
(556, '69.99', 'https://www.argos.co.uk/product/8679158', 118, 3, 201),
(557, '68.85', 'https://www.base.com/buy/product/anthem-legion-of-dawn-edition-xbox-one/dgc-antldex1.htm', 96, 5, 274),
(558, '69.99', 'https://www.argos.co.uk/product/8685252', 118, 3, 275),
(559, '14.85', 'https://www.simplygames.com/p/the-order-1886-ps4', 165, 1, 276),
(560, '16.85', 'https://www.simplygames.com/p/driveclub-playstation-vr-ps4', 166, 1, 277),
(561, '17.97', 'https://www.onbuy.com/gb/ps4-games/uncharted-4-a-thiefs-end-ps4-game~c3157~p1877906/', 79, 4, 135),
(562, '59.99', 'https://www.argos.co.uk/product/8636184', 119, 3, 202),
(563, '16.99', 'https://www.base.com/buy/product/project-cars-2-xbox-one/dgc-proc2x1.htm', 97, 5, 162),
(564, '19.85', 'https://www.simplygames.com/p/project-highrise-architects-edition-ps4', 167, 1, 278),
(565, '19.85', 'https://www.simplygames.com/p/project-highrise-architects-edition-xbox-one', 167, 1, 279),
(566, '17.85', 'https://www.simplygames.com/p/south-park-the-fractured-but-whole-ps4', 168, 1, 280),
(567, '23.28', 'https://www.onbuy.com/gb/ps4-games/minecraft-playstation-edition-ps4~c3157~p1877903/', 80, 4, 136),
(568, '27.85', 'https://www.base.com/buy/product/adventure-time-pirates-of-the-enchiridion-xbox-one/dgc-atpex1.htm', 98, 5, 164),
(569, '31.70', 'https://www.onbuy.com/gb/xbox-one-games/minecraft-xbox-one~c3161~p1877993/?condition=used', 80, 4, 137),
(570, '17.85', 'https://www.simplygames.com/p/south-park-the-fractured-but-whole-xbox-one', 168, 1, 281),
(571, '49.99', 'https://www.argos.co.uk/product/8629706', 122, 3, 205),
(572, '13.85', 'https://www.simplygames.com/p/final-fantasy-xv-ps4', 169, 1, 282),
(573, '49.99', 'https://www.argos.co.uk/product/8623843', 122, 3, 206),
(574, '12.89', 'https://www.base.com/buy/product/gravel-ps4/dgc-gravps4.htm', 99, 5, 165),
(575, '14.85', 'https://www.simplygames.com/p/nba-2k18-ps4', 170, 1, 283),
(576, '13.39', 'https://www.base.com/buy/product/gravel-xbox-one/dgc-gravx1.htm', 99, 5, 166),
(577, '24.50', 'https://www.onbuy.com/gb/ps4-games/sniper-elite-4-ps4~c3157~p4240070/', 81, 4, 138),
(578, '14.85', 'https://www.simplygames.com/p/nba-2k18-xbox-one', 170, 1, 284),
(579, '26.14', 'https://www.onbuy.com/gb/pc-games/sniper-elite-4-xbox-one~c3186~p6604014/', 81, 4, 139),
(580, '34.99', 'https://www.argos.co.uk/product/8244758', 123, 3, 208),
(581, '15.85', 'https://www.simplygames.com/p/gravity-rush-2-ps4', 171, 1, 285),
(582, '32.39', 'https://www.base.com/buy/product/shining-resonance-refrain-draconic-launch-edition-ps4/dgc-srrps4.htm', 100, 5, 168),
(583, '59.85', 'https://www.simplygames.com/p/the-hunter-call-of-the-wild-2019-edition-ps4', 172, 1, 286),
(584, '33.09', 'https://www.base.com/buy/product/shining-resonance-refrain-draconic-launch-edition-xbox-one/dgc-srrx1.htm', 100, 5, 169),
(585, '59.85', 'https://www.simplygames.com/p/the-hunter-call-of-the-wild-2019-edition-xbox-one', 172, 1, 287),
(586, '14.85', 'https://www.simplygames.com/p/killzone-shadow-fall-hits-range-ps4', 173, 1, 288),
(587, '54.99', 'https://www.argos.co.uk/product/8209748', 125, 3, 210),
(588, '54.99', 'https://www.argos.co.uk/product/8196253', 125, 3, 211),
(589, '9.85', 'https://www.simplygames.com/p/nba-live-18-with-pre-order-bonus-ps4', 174, 1, 289),
(590, '12.49', 'https://www.base.com/buy/product/pinball-arcade-season-2-ps4/dgc-pinball2ps4.htm', 101, 5, 170),
(591, '14.88', 'https://www.onbuy.com/gb/ps4-games/lego-marvel-super-heroes-ps4~c3157~p1877660/?condition=used', 83, 4, 141),
(592, '24.99', 'https://www.argos.co.uk/product/8496544', 126, 3, 212),
(593, '24.85', 'https://www.simplygames.com/p/bravo-team-playstation-vr--ps4', 175, 1, 290),
(594, '24.99', 'https://www.argos.co.uk/product/8354349', 126, 3, 213),
(595, '29.85', 'https://www.simplygames.com/p/space-hulk-death-wing-enhanced-edition-ps4', 176, 1, 291),
(596, '49.99', 'https://www.argos.co.uk/product/8083816', 127, 3, 214),
(597, '7.85', 'https://www.simplygames.com/p/hidden-agenda-ps4', 177, 1, 292),
(598, '49.99', 'https://www.argos.co.uk/product/8083823', 127, 3, 215),
(599, '36.85', 'https://www.simplygames.com/p/gundam-versus-ps4', 178, 1, 293),
(600, '27.85', 'https://www.simplygames.com/p/gran-turismo-sport-gt-sport---playstation-vr-ps4', 179, 1, 294),
(601, '19.85', 'https://www.simplygames.com/p/street-fighter-v-arcade-edition-ps4', 180, 1, 295),
(602, '12.99', 'https://www.onbuy.com/gb/ps4-games/prey-ps4-game~c3157~p1877696/?condition=used', 86, 4, 145),
(603, '16.02', 'https://www.onbuy.com/gb/xbox-one-games/prey-xbox-one-game~c3161~p1877698/', 86, 4, 146),
(604, '11.99', 'https://www.argos.co.uk/product/7237632', 130, 3, 220),
(605, '18.85', 'https://www.simplygames.com/p/wwe-2k18-ps4', 181, 1, 296),
(606, '9.99', 'https://www.simplygames.com/p/wwe-2k18-xbox-one', 181, 1, 297),
(607, '24.85', 'https://www.simplygames.com/p/overwatch---game-of-the-year-edition-goty-ps4', 182, 1, 298),
(608, '19.99', 'https://www.argos.co.uk/product/8658186', 131, 3, 221),
(609, '22.85', 'https://www.simplygames.com/p/overwatch---game-of-the-year-edition-goty-xbox-one', 182, 1, 299),
(610, '19.99', 'https://www.argos.co.uk/product/8631017', 131, 3, 222),
(611, '19.85', 'https://www.simplygames.com/p/monster-energy-supercross-fim-world-championship-ps4', 183, 1, 300),
(612, '19.85', 'https://www.simplygames.com/p/monster-energy-supercross-fim-world-championship-xbox-one', 183, 1, 301),
(613, '6.99', 'https://www.simplygames.com/p/rugby-18-ps4', 184, 1, 302),
(614, '23.85', 'https://www.base.com/buy/product/new-gundam-breaker-ps4/dgc-ngbps4.htm', 107, 5, 180),
(615, '14.85', 'https://www.simplygames.com/p/rugby-18-xbox-one', 184, 1, 303),
(616, '17.85', 'https://www.simplygames.com/p/super-hot-playstation-vr-ps4', 185, 1, 304),
(617, '49.85', 'https://www.simplygames.com/p/transference-ps4', 186, 1, 305),
(618, '39.59', 'https://www.base.com/buy/product/dakar-18-ps4/dgc-dak18ps4.htm', 108, 5, 181),
(619, '49.85', 'https://www.simplygames.com/p/transference-xbox-one', 186, 1, 306),
(620, '37.59', 'https://www.base.com/buy/product/dakar-18-xbox-one/dgc-dak18x1.htm', 108, 5, 182),
(621, '19.85', 'https://www.simplygames.com/p/assetto-corsa-ultimate-edition-ps4', 187, 1, 307),
(622, '16.85', 'https://www.simplygames.com/p/assetto-corsa-ultimate-edition-xbox-one', 187, 1, 308),
(623, '20.79', 'https://www.base.com/buy/product/hero-defense-ps4/dgc-herodps4.htm', 109, 5, 183),
(624, '42.85', 'https://www.simplygames.com/p/shenmue-3-ps4', 188, 1, 309),
(625, '31.99', 'https://www.argos.co.uk/product/8667854', 136, 3, 227),
(626, '17.99', 'https://www.onbuy.com/gb/xbox-one-games/lego-marvel-avengers-xbox-one~c3161~p3456005/?condition=used', 91, 4, 154),
(627, '31.99', 'https://www.argos.co.uk/product/8666769', 136, 3, 228),
(628, '54.85', 'https://www.simplygames.com/p/conan-exiles-collectors-edition-ps4', 189, 1, 310),
(629, '54.85', 'https://www.simplygames.com/p/conan-exiles-collectors-edition-xbox-one', 189, 1, 311),
(630, '30.49', 'https://www.base.com/buy/product/sword-art-online-fatal-bullet-ps4/dgc-saofbps4.htm', 110, 5, 184),
(631, '19.85', 'https://www.simplygames.com/p/immortal-unchained-ps4', 190, 1, 312),
(632, '15.99', 'https://www.argos.co.uk/product/2926027', 137, 3, 229),
(633, '19.85', 'https://www.simplygames.com/p/immortal-unchained-xbox-one', 190, 1, 313),
(634, '36.99', 'https://www.argos.co.uk/product/6058537', 137, 3, 230),
(635, '27.85', 'https://www.simplygames.com/p/euro-fishing-sim-collectors-edition-ps4', 191, 1, 314),
(636, '27.85', 'https://www.simplygames.com/p/euro-fishing-sim-collectors-edition-xbox-one', 191, 1, 315),
(637, '46.85', 'https://www.base.com/buy/product/metro-exodus-ps4/dgc-metroexps4.htm', 111, 5, 186),
(638, '46.85', 'https://www.base.com/buy/product/metro-exodus-xbox-one/dgc-metroexx1.htm', 111, 5, 188),
(639, '19.85', 'https://www.simplygames.com/p/dynasty-warriors-9-ps4', 192, 1, 316),
(640, '19.85', 'https://www.simplygames.com/p/dynasty-warriors-9-xbox-one', 192, 1, 317),
(641, '22.12', 'https://www.onbuy.com/gb/ps4-games/watch-dogs-2-ps4-game~c3157~p1877884/', 92, 4, 155),
(642, '18.99', 'https://www.argos.co.uk/product/6693480', 139, 3, 233),
(643, '19.85', 'https://www.simplygames.com/p/agony-ps4', 193, 1, 318),
(644, '22.12', 'https://www.onbuy.com/gb/xbox-one-games/watch-dogs-2-xbox-one-game~c3161~p1877937/', 92, 4, 156),
(645, '18.99', 'https://www.argos.co.uk/product/6688842', 139, 3, 234),
(646, '19.85', 'https://www.simplygames.com/p/agony-xbox-one', 193, 1, 319),
(647, '25.69', 'https://www.base.com/buy/product/the-banner-saga-trilogy-bonus-edition-ps4/dgc-bstbeps4.htm', 112, 5, 189),
(648, '26.85', 'https://www.base.com/buy/product/the-banner-saga-trilogy-bonus-edition-xbox-one/dgc-bstbex1.htm', 112, 5, 190),
(649, '44.85', 'https://www.simplygames.com/p/one-piece-world-seeker-ps4', 194, 1, 320),
(650, '44.85', 'https://www.simplygames.com/p/one-piece-world-seeker-xbox-one', 194, 1, 321),
(651, '14.99', 'https://www.onbuy.com/gb/ps4-games/fallout-4-ps4~c3157~p2196331/', 93, 4, 157),
(652, '36.79', 'https://www.onbuy.com/gb/xbox-one-games/fallout-4-goty-xbox-one~c3161~p4975938/', 93, 4, 158),
(653, '36.85', 'https://www.simplygames.com/p/dragon-crown-pro---battle-hardened-edition-ps4', 195, 1, 322),
(654, '14.85', 'https://www.simplygames.com/p/darkest-dungeon-ancestral-edition-ps4', 196, 1, 323),
(655, '17.85', 'https://www.base.com/buy/product/tennis-world-tour-ps4/dgc-twtps4.htm', 114, 5, 193),
(656, '17.85', 'https://www.base.com/buy/product/tennis-world-tour-xbox-one/dgc-twtx1.htm', 114, 5, 194),
(657, '44.85', 'https://www.simplygames.com/p/the-last-of-us-part-ii-ps4', 197, 1, 324),
(658, '13.85', 'https://www.simplygames.com/p/life-is-strange-before-the-storm-ps4', 198, 1, 325),
(659, '9.99', 'https://www.simplygames.com/p/life-is-strange-before-the-storm-xbox-one', 198, 1, 326),
(660, '24.39', 'https://www.base.com/buy/product/hotel-transylvania-3-monsters-overboard-ps4/dgc-ht3ps4.htm', 115, 5, 195),
(661, '44.85', 'https://www.simplygames.com/p/the-quiet-man-ps4', 199, 1, 327),
(662, '44.85', 'https://www.simplygames.com/p/jump-force-ps4', 200, 1, 328),
(663, '24.99', 'https://www.argos.co.uk/product/8643294', 145, 3, 244),
(664, '44.85', 'https://www.simplygames.com/p/jump-force-xbox-one', 200, 1, 329),
(665, '49.99', 'https://www.base.com/buy/product/dying-light-2-ps4/dgc-dylt2ps4.htm', 116, 5, 197),
(666, '49.99', 'https://www.base.com/buy/product/dying-light-2-xbox-one/dgc-dylt2x1.htm', 116, 5, 198),
(667, '39.85', 'https://www.simplygames.com/p/tennis-world-tour-legends-edition-ps4', 201, 1, 330),
(668, '29.85', 'https://www.simplygames.com/p/tennis-world-tour-legends-edition-xbox-one', 201, 1, 331),
(669, '19.99', 'https://www.argos.co.uk/product/4255813', 146, 3, 245),
(670, '19.99', 'https://www.argos.co.uk/product/4452678', 146, 3, 246),
(671, '29.47', 'https://www.onbuy.com/gb/ps4-games/project-cars-2-video-game-ps4~c3157~p1877806/', 97, 4, 161),
(672, '18.85', 'https://www.base.com/buy/product/motogp-18-ps4/dgc-mgp18ps4.htm', 117, 5, 199),
(673, '44.85', 'https://www.simplygames.com/p/cyberpunk-2077-ps4', 202, 1, 332),
(674, '31.11', 'https://www.onbuy.com/gb/xbox-one-games/project-cars-2-video-game-xbox-one~c3161~p1878054/', 97, 4, 162),
(675, '19.85', 'https://www.base.com/buy/product/motogp-18-xbox-one/dgc-mgp18x1.htm', 117, 5, 200),
(676, '44.85', 'https://www.simplygames.com/p/cyberpunk-2077-xbox-one', 202, 1, 333),
(677, '49.85', 'https://www.simplygames.com/p/the-crew-2-gold-edition-ps4', 203, 1, 334),
(678, '49.85', 'https://www.simplygames.com/p/the-crew-2-gold-edition-xbox-one', 203, 1, 335),
(679, '22.85', 'https://www.simplygames.com/p/mxgp-pro-ps4', 204, 1, 336),
(680, '26.85', 'https://www.simplygames.com/p/mxgp-pro-xbox-one', 204, 1, 337),
(681, '14.85', 'https://www.simplygames.com/p/far-cry-3---classic-edition-ps4', 205, 1, 338),
(682, '28.85', 'https://www.base.com/buy/product/warriors-orochi-4-ps4/dgc-waro4ps4.htm', 119, 5, 202),
(683, '19.85', 'https://www.simplygames.com/p/far-cry-3---classic-edition-xbox-one', 205, 1, 339),
(684, '28.85', 'https://www.base.com/buy/product/warriors-orochi-4-xbox-one/dgc-waro4x1.htm', 119, 5, 203),
(685, '19.85', 'https://www.simplygames.com/p/overcooked-2-ps4', 206, 1, 340),
(686, '19.85', 'https://www.simplygames.com/p/overcooked-2-xbox-one', 206, 1, 341),
(687, '19.99', 'https://www.argos.co.uk/product/8246701', 151, 3, 251),
(688, '19.99', 'https://www.argos.co.uk/product/8066785', 151, 3, 252),
(689, '15.85', 'https://www.simplygames.com/p/project-cars-hits-range-ps4', 207, 1, 342),
(690, '34.85', 'https://www.base.com/buy/product/fist-of-the-north-star-lost-paradise-ps4/dgc-fistnslstps4.htm', 120, 5, 204),
(691, '22.85', 'https://www.simplygames.com/p/super-bomberman-r-shiny-edition-ps4', 208, 1, 343),
(692, '18.96', 'https://www.onbuy.com/gb/pc-games/gravel-ps4~c3186~p7378076/', 99, 4, 165),
(693, '15.99', 'https://www.argos.co.uk/product/8629201', 152, 3, 253),
(694, '19.85', 'https://www.simplygames.com/p/super-bomberman-r-shiny-edition-xbox-one', 208, 1, 344),
(695, '44.85', 'https://www.simplygames.com/p/tom-clancys-the-division-2-ps4', 209, 1, 345),
(696, '44.85', 'https://www.simplygames.com/p/tom-clancys-the-division-2-xbox-one', 209, 1, 346),
(697, '39.85', 'https://www.simplygames.com/p/wreckfest-ps4', 210, 1, 347),
(698, '51.89', 'https://www.onbuy.com/gb/pc-games/shining-resonance-refrain-draconic-launch-edition-ps4~c3186~p7343288/', 100, 4, 168),
(699, '39.85', 'https://www.simplygames.com/p/wreckfest-xbox-one', 210, 1, 348),
(700, '38.85', 'https://www.base.com/buy/product/dead-or-alive-6-ps4/dgc-doa6ps4.htm', 122, 5, 205),
(701, '54.81', 'https://www.onbuy.com/gb/pc-games/shining-resonance-refrain-draconic-launch-edition-xbox-one~c3186~p7343074/', 100, 4, 169),
(702, '38.85', 'https://www.base.com/buy/product/dead-or-alive-6-xbox-one/dgc-doa6x1.htm', 122, 5, 206),
(703, '16.85', 'https://www.simplygames.com/p/tomb-raider-definitive-edition-ps4', 211, 1, 349),
(704, '14.85', 'https://www.simplygames.com/p/tomb-raider-definitive-edition-xbox-one', 211, 1, 350),
(705, '26.85', 'https://www.base.com/buy/product/team-sonic-racing-ps4/dgc-tmsonrcps4.htm', 123, 5, 207),
(706, '26.85', 'https://www.base.com/buy/product/team-sonic-racing-xbox-one/dgc-tmsonrcx1.htm', 123, 5, 208),
(707, '14.85', 'https://www.simplygames.com/p/mxgp--the-official-motocross-videogame-ps4', 212, 1, 351),
(708, '15.36', 'https://www.onbuy.com/gb/ps4-games/pinball-arcade-season-2-ps4~c3157~p3451705/', 101, 4, 170),
(709, '26.85', 'https://www.simplygames.com/p/mxgp-pro-xbox-one', 212, 1, 352),
(710, '39.85', 'https://www.simplygames.com/p/devil-may-cry-5-ps4', 213, 1, 353),
(711, '39.85', 'https://www.simplygames.com/p/devil-may-cry-5-xbox-one', 213, 1, 354),
(712, '39.85', 'https://www.simplygames.com/p/pillars-of-eternity-ii--deadfire-ps4', 214, 1, 355),
(713, '39.85', 'https://www.simplygames.com/p/pillars-of-eternity-ii--deadfire-xbox-one', 214, 1, 356),
(714, '15.85', 'https://www.simplygames.com/p/far-cry-primal-ps4', 215, 1, 357),
(715, '43.85', 'https://www.base.com/buy/product/rage-2-ps4/dgc-r2ps4.htm', 125, 5, 210),
(716, '12.85', 'https://www.simplygames.com/p/far-cry-primal-plus-far-cry-4-xbox-one', 215, 1, 358),
(717, '43.85', 'https://www.base.com/buy/product/rage-2-xbox-one/dgc-r2x1.htm', 125, 5, 211),
(718, '8.85', 'https://www.simplygames.com/p/homefront-the-revolution-ps4', 216, 1, 359),
(719, '7.85', 'https://www.simplygames.com/p/homefront-the-revolution-xbox-one', 216, 1, 360),
(720, '34.99', 'https://www.base.com/buy/product/nba-2k19-ps4/dgc-nba19ps4.htm', 126, 5, 212),
(721, '44.85', 'https://www.simplygames.com/p/code-vein-ps4', 217, 1, 361),
(722, '43.85', 'https://www.base.com/buy/product/nba-2k19-xbox-one/dgc-nba19x1.htm', 126, 5, 213),
(723, '44.85', 'https://www.simplygames.com/p/code-vein-xbox-one', 217, 1, 362),
(724, '17.85', 'https://www.simplygames.com/p/dragonball-xenoverse-2--ps4', 218, 1, 363),
(725, '29.85', 'https://www.simplygames.com/p/outward-ps4', 219, 1, 364),
(726, '37.85', 'https://www.base.com/buy/product/tropico-6-ps4/dgc-trop6ps4.htm', 127, 5, 214),
(727, '37.85', 'https://www.base.com/buy/product/tropico-6-xbox-one/dgc-trop6x1.htm', 127, 5, 215),
(728, '29.85', 'https://www.simplygames.com/p/outward-xbox-one', 219, 1, 365),
(729, '13.85', 'https://www.simplygames.com/p/watch-dogs-hits-range-ps4', 220, 1, 366),
(730, '14.85', 'https://www.simplygames.com/p/teenage-mutant-ninja-turtles-mutants-in-manhattan-ps4', 221, 1, 367),
(731, '14.99', 'https://www.argos.co.uk/product/7346963', 164, 3, 271),
(732, '14.85', 'https://www.simplygames.com/p/teenage-mutant-ninja-turtles-mutants-in-manhattan-xbox-one', 221, 1, 368),
(733, '14.99', 'https://www.argos.co.uk/product/7347027', 164, 3, 273),
(734, '14.85', 'https://www.simplygames.com/p/littlebigplanet-3-ps4', 222, 1, 369),
(735, '39.85', 'https://www.simplygames.com/p/dungeons-iii-ps4', 223, 1, 370),
(736, '31.91', 'https://www.onbuy.com/gb/pc-games/new-gundam-breaker-ps4~c3186~p6602639/', 107, 4, 180),
(737, '22.85', 'https://www.simplygames.com/p/11-11-memories-retold-ps4', 224, 1, 371),
(738, '15.99', 'https://www.argos.co.uk/product/8364425', 166, 3, 277),
(739, '22.85', 'https://www.simplygames.com/p/11-11-memories-retold-xbox-one', 224, 1, 372),
(740, '11.85', 'https://www.base.com/buy/product/final-fantasy-xii-the-zodiac-age-ps4/dgc-ffxiizaps4.htm', 130, 5, 220),
(741, '15.85', 'https://www.simplygames.com/p/mortal-kombat-xl-ps4', 225, 1, 373),
(742, '17.85', 'https://www.simplygames.com/p/mortal-kombat-xl-xbox-one', 225, 1, 374),
(743, '14.85', 'https://www.simplygames.com/p/resident-evil-revelations-2-ps4', 226, 1, 375),
(744, '17.85', 'https://www.base.com/buy/product/the-occupation-ps4/dgc-occpps4.htm', 131, 5, 221),
(745, '17.85', 'https://www.base.com/buy/product/the-occupation-xbox-one/dgc-occpx1.htm', 131, 5, 222),
(746, '9.85', 'https://www.simplygames.com/p/resident-evil-revelations-2-xbox-one', 226, 1, 376),
(747, '24.85', 'https://www.simplygames.com/p/rise-of-the-tomb-raider-20-year-celebration-artbook-edition-ps4', 227, 1, 377),
(748, '17.85', 'https://www.simplygames.com/p/until-dawn-rush-of-blood-ps-vr-ps4', 228, 1, 378),
(749, '16.85', 'https://www.simplygames.com/p/naruto-shippuden-ultimate-ninja-storm-4-hits-ps4', 229, 1, 379),
(750, '9.85', 'https://www.simplygames.com/p/naruto-shippuden-ultimate-ninja-storm-4-xbox-one', 229, 1, 380),
(751, '17.99', 'https://www.argos.co.uk/product/7159480', 170, 3, 283),
(752, '37.87', 'https://www.onbuy.com/gb/ps4-games/sword-art-online-fatal-bullet-ps4~c3157~p3992973/', 110, 4, 184),
(753, '18.85', 'https://www.simplygames.com/p/farpoint-playstation-vr-ps4', 230, 1, 381),
(754, '48.49', 'https://www.argos.co.uk/product/5722132', 171, 3, 285),
(755, '16.85', 'https://www.simplygames.com/p/one-piece-pirate-warriors-3-hits-ps4', 231, 1, 382),
(756, '66.27', 'https://www.onbuy.com/gb/pc-games/sword-art-online-fatal-bullet-xbox-one~c3186~p7351194/', 110, 4, 185),
(757, '24.85', 'https://www.simplygames.com/p/fire-pro-wrestling-world-ps4', 232, 1, 383),
(758, '7.85', 'https://www.simplygames.com/p/agents-of-mayhem-ps4', 233, 1, 384),
(759, '5.85', 'https://www.simplygames.com/p/agents-of-mayhem-xbox-one', 233, 1, 385),
(760, '16.85', 'https://www.simplygames.com/p/call-of-duty-black-ops-iii-3-ps4', 234, 1, 386),
(761, '15.85', 'https://www.simplygames.com/p/call-of-duty-black-ops-iii-3-xbox-one', 234, 1, 387),
(762, '19.85', 'https://www.simplygames.com/p/nhl-18-ps4', 235, 1, 388),
(763, '24.99', 'https://www.argos.co.uk/product/8058274', 175, 3, 290),
(764, '22.99', 'https://www.base.com/buy/product/far-cry-primal-and-far-cry-4-xbox-one/dgc-frcrydblx1.htm', 137, 5, 230),
(765, '19.85', 'https://www.simplygames.com/p/nhl-18-xbox-one', 235, 1, 389),
(766, '9.99', 'https://www.simplygames.com/p/the-golf-club-2-ps4', 236, 1, 390),
(767, '13.85', 'https://www.simplygames.com/p/the-golf-club-2-xbox-one', 236, 1, 391),
(768, '34.85', 'https://www.simplygames.com/p/ark-park-playstation-vr-game-ps4', 237, 1, 392),
(769, '39.85', 'https://www.simplygames.com/p/persona-3-dancing-in-moonlight-ps4', 238, 1, 393),
(770, '31.73', 'https://www.onbuy.com/gb/pc-games/the-banner-saga-trilogy-bonus-edition-ps4~c3186~p6607812/', 112, 4, 189),
(771, '10.85', 'https://www.base.com/buy/product/resident-evil-6-hd-remake-ps4/dgc-resi6ps4.htm', 139, 5, 233),
(772, '16.85', 'https://www.simplygames.com/p/resident-evil-7-ps4', 239, 1, 394),
(773, '10.85', 'https://www.base.com/buy/product/resident-evil-6-hd-remake-xbox-one/dgc-resi6x1.htm', 139, 5, 234),
(774, '17.85', 'https://www.simplygames.com/p/resident-evil-7-xbox-one', 239, 1, 395),
(775, '39.85', 'https://www.simplygames.com/p/the-sims-4-deluxe-party-edition-ps4', 240, 1, 396),
(776, '39.85', 'https://www.simplygames.com/p/the-sims-4-deluxe-party-edition-xbox-one', 240, 1, 397),
(777, '14.85', 'https://www.simplygames.com/p/guardians-of-the-galaxy-telltale-series-ps4', 241, 1, 398),
(778, '11.85', 'https://www.simplygames.com/p/marvel-guardians-of-the-galaxy-telltale-series-xbox-one', 241, 1, 399),
(779, '14.49', 'https://www.base.com/buy/product/terraria-goty-ps4/dgc-terrariagotyps4.htm', 141, 5, 237),
(780, '15.85', 'https://www.simplygames.com/p/knowledge-is-power-decades-playlink-game-ps4', 242, 1, 400),
(781, '14.49', 'https://www.base.com/buy/product/terraria-goty-xbox-one/dgc-terrariagotyx1.htm', 141, 5, 238),
(782, '14.99', 'https://www.argos.co.uk/product/7347137', 181, 3, 296),
(783, '14.99', 'https://www.argos.co.uk/product/7347175', 181, 3, 297),
(784, '14.85', 'https://www.simplygames.com/p/diablo-iii-3--ultimate-evil-edition-ps4', 243, 1, 401),
(785, '14.85', 'https://www.simplygames.com/p/diablo-iii-3--ultimate-evil-edition-xbox-one', 243, 1, 402),
(786, '24.85', 'https://www.simplygames.com/p/horizon-zero-dawn-complete-edition-ps4', 245, 1, 403),
(787, '39.99', 'https://www.argos.co.uk/product/7159576', 182, 3, 298),
(788, '39.99', 'https://www.argos.co.uk/product/7197930', 182, 3, 299),
(789, '18.85', 'https://www.simplygames.com/p/the-crew-ps4', 246, 1, 404),
(790, '16.85', 'https://www.simplygames.com/p/the-crew-ultimate-edition-xbox-one', 246, 1, 405),
(791, '12.85', 'https://www.base.com/buy/product/the-last-of-us-remastered-playstation-hits-ps4/dgc-lstuspshitps4.htm', 143, 5, 241),
(792, '14.85', 'https://www.simplygames.com/p/vr-worlds-playstation-vr-ps4', 247, 1, 406),
(793, '14.85', 'https://www.simplygames.com/p/infamous-second-son-hits-range-ps4', 248, 1, 407),
(794, '9.99', 'https://www.argos.co.uk/product/7501777', 184, 3, 303),
(795, '14.85', 'https://www.simplygames.com/p/the-last-guardian-ps4', 249, 1, 408),
(796, '14.85', 'https://www.simplygames.com/p/madden-nfl-18-ps4', 250, 1, 409),
(797, '14.99', 'https://www.simplygames.com/p/madden-nfl-18-xbox-one', 250, 1, 410),
(798, '18.85', 'https://www.base.com/buy/product/trailblazers-ps4/dgc-trlbzps4.htm', 145, 5, 244),
(799, '27.85', 'https://www.simplygames.com/p/crayola-scoot-ps4', 251, 1, 411),
(800, '27.85', 'https://www.simplygames.com/p/crayola-scoot-xbox-one', 251, 1, 412),
(801, '11.85', 'https://www.base.com/buy/product/lego-jurassic-world-ps4/dgc-legojwps4.htm', 146, 5, 245),
(802, '24.85', 'https://www.simplygames.com/p/dragon-ball-fighter-z-ps4', 252, 1, 413),
(803, '78.48', 'https://www.onbuy.com/gb/pc-games/warriors-orochi-4-playstation-ps4~c3186~p7333996/', 119, 4, 202),
(804, '12.99', 'https://www.base.com/buy/product/lego-jurassic-world-xbox-one/dgc-legojwx1.htm', 146, 5, 246),
(805, '26.85', 'https://www.simplygames.com/p/dragon-ball-fighter-z-xbox-one', 252, 1, 414),
(806, '19.85', 'https://www.simplygames.com/p/spintires-mudrunner-ps4', 253, 1, 415),
(807, '19.85', 'https://www.simplygames.com/p/spintires-mudrunner-xbox-one', 253, 1, 416),
(808, '39.85', 'https://www.simplygames.com/p/the-seven-deadly-sins-knights-of-britannia-ps4', 254, 1, 417),
(809, '19.85', 'https://www.simplygames.com/p/minecraft-story-mode-season-2-season-pass-disc-ps4', 255, 1, 418),
(810, '27.85', 'https://www.simplygames.com/p/minecraft-story-mode-season-2-season-pass-disc-xbox-one', 255, 1, 419),
(811, '15.85', 'https://www.base.com/buy/product/atari-flashback-classics-volume-3-ps4/dgc-atflsv3ps4.htm', 148, 5, 248),
(812, '15.85', 'https://www.base.com/buy/product/atari-flashback-classics-volume-3-xbox-one/dgc-atflsv3x1.htm', 148, 5, 420),
(813, '29.85', 'https://www.simplygames.com/p/demon-gaze-ii-ps4', 256, 1, 421),
(814, '22.85', 'https://www.simplygames.com/p/star-wars-battlefront-ultimate-edition-ps4', 257, 1, 422),
(815, '39.99', 'https://www.argos.co.uk/product/8060657', 190, 3, 312),
(816, '39.99', 'https://www.argos.co.uk/product/8060695', 190, 3, 313),
(817, '22.85', 'https://www.simplygames.com/p/star-wars-battlefront-ultimate-edition-xbox-one', 257, 1, 423),
(818, '21.85', 'https://www.simplygames.com/p/resident-evil-7-gold-ps4', 258, 1, 424),
(819, '22.85', 'https://www.simplygames.com/p/resident-evil-7-gold-xbox-one', 258, 1, 425),
(820, '39.99', 'https://www.argos.co.uk/product/8166661', 192, 3, 316),
(821, '39.99', 'https://www.argos.co.uk/product/8263382', 192, 3, 317),
(822, '44.85', 'https://www.simplygames.com/p/left-alive-ps4', 259, 1, 426),
(823, '19.99', 'https://www.base.com/buy/product/rocket-league-collectors-edition-ps4/dgc-rlwps4.htm', 151, 5, 251),
(824, '21.19', 'https://www.base.com/buy/product/rocket-league-collectors-edition-xbox-one/dgc-rlwx1.htm', 151, 5, 252),
(825, '6.99', 'https://www.simplygames.com/p/pure-hold-em-world-poker-championship-ps4', 260, 1, 427),
(826, '16.85', 'https://www.simplygames.com/p/the-inpatient-playstation-vr-ps4', 261, 1, 428),
(827, '14.85', 'https://www.base.com/buy/product/street-fighter-v-arcade-edition-ps4/dgc-sfvaeps4.htm', 152, 5, 253),
(828, '27.85', 'https://www.simplygames.com/p/wrc-7-ps4', 262, 1, 429),
(829, '19.85', 'https://www.simplygames.com/p/wrc-7-xbox-one', 262, 1, 430),
(830, '29.85', 'https://www.simplygames.com/p/dreamworks-dragons-dawn-of-new-riders-ps4', 263, 1, 431),
(831, '29.85', 'https://www.simplygames.com/p/dreamworks-dragons-dawn-of-new-riders-xbox-one', 263, 1, 432),
(832, '23.99', 'https://www.argos.co.uk/product/8069122', 195, 3, 322),
(833, '13.09', 'https://www.base.com/buy/product/professional-farmer-2017-gold-edition-xbox-one/dgc-pf17gex1.htm', 153, 5, 256),
(834, '32.85', 'https://www.simplygames.com/p/one-piece-unlimited-world-red-deluxe-edition-ps4', 264, 1, 433),
(835, '12.85', 'https://www.simplygames.com/p/everybodys-golf-ps4', 265, 1, 434),
(836, '24.99', 'https://www.argos.co.uk/product/8108959', 196, 3, 323),
(837, '12.99', 'https://www.base.com/buy/product/ghostbusters-2016-ps4/dgc-ghstbsps4.htm', 154, 5, 257),
(838, '15.99', 'https://www.base.com/buy/product/ghostbusters-2016-xbox-one/dgc-ghstbsx1.htm', 154, 5, 258),
(839, '22.85', 'https://www.simplygames.com/p/arizona-sunshine-playstation-vr-ps4', 266, 1, 435);
INSERT INTO `retailerprice` (`id`, `price`, `url`, `product_id`, `retailer_id`, `productimage_id`) VALUES
(840, '44.23', 'https://www.onbuy.com/gb/xbox-one-games/nba-2k19-xbox-one~c3161~p6538725/', 126, 4, 213),
(841, '7.85', 'https://www.simplygames.com/p/metal-gear-survive-ps4', 267, 1, 436),
(842, '9.85', 'https://www.simplygames.com/p/metal-gear-survive-xbox-one', 267, 1, 437),
(843, '39.85', 'https://www.simplygames.com/p/soul-calibur-vi-ps4', 268, 1, 438),
(844, '44.85', 'https://www.simplygames.com/p/soul-calibur-vi-xbox-one', 268, 1, 439),
(845, '17.85', 'https://www.simplygames.com/p/burnout-paradise-remastered-ps4', 269, 1, 440),
(846, '17.85', 'https://www.simplygames.com/p/burnout-paradise-remastered-xbox-one', 269, 1, 441),
(847, '19.85', 'https://www.simplygames.com/p/dirt-4-ps4', 270, 1, 442),
(848, '14.85', 'https://www.simplygames.com/p/dirt-4-xbox-one', 270, 1, 443),
(849, '41.30', 'https://www.onbuy.com/gb/pc-games/starlink-battle-for-atlas-ps4~c3186~p7374418/', 128, 4, 216),
(850, '37.41', 'https://www.onbuy.com/gb/pc-games/starlink-battle-for-atlas-xbox-one~c3186~p7370035/', 128, 4, 217),
(851, '14.99', 'https://www.simplygames.com/p/railway-empire-ps4', 271, 1, 444),
(852, '28.99', 'https://www.simplygames.com/p/railway-empire-xbox-one', 271, 1, 445),
(853, '6.85', 'https://www.simplygames.com/p/putty-squad-ps4', 272, 1, 446),
(854, '59.99', 'https://www.argos.co.uk/product/8087142', 202, 3, 332),
(855, '59.99', 'https://www.argos.co.uk/product/8087159', 202, 3, 333),
(856, '22.85', 'https://www.simplygames.com/p/the-raven-hd-remastered-ps4', 273, 1, 447),
(857, '21.96', 'https://www.onbuy.com/gb/ps4-games/plants-vs-zombies-garden-warfare-ps4~c3157~p1877830/', 129, 4, 218),
(858, '22.85', 'https://www.simplygames.com/p/the-raven-hd-remastered-xbox-one', 273, 1, 448),
(859, '8.84', 'https://www.base.com/buy/product/dishonored-2-ps4/dgc-dih2ps4.htm', 159, 5, 264),
(860, '69.99', 'https://www.argos.co.uk/product/8540919', 203, 3, 334),
(861, '8.85', 'https://www.base.com/buy/product/dishonored-2-xbox-one/dgc-dih2x1.htm', 159, 5, 265),
(862, '26.12', 'https://www.onbuy.com/gb/xbox-one-games/plants-vs-zombies-garden-warfare-2-xbox-one~c3161~p1878087/', 129, 4, 219),
(863, '17.85', 'https://www.simplygames.com/p/final-fantasy-xv-royal-edition-ps4', 274, 1, 449),
(864, '69.99', 'https://www.argos.co.uk/product/8540926', 203, 3, 335),
(865, '12.85', 'https://www.simplygames.com/p/final-fantasy-xv-royal-edition-xbox-one', 274, 1, 450),
(866, '14.85', 'https://www.simplygames.com/p/scribblenauts-showdown-ps4', 275, 1, 451),
(867, '14.85', 'https://www.simplygames.com/p/scribblenauts-showdown-xbox-one', 275, 1, 452),
(868, '34.85', 'https://www.simplygames.com/p/surviving-mars-ps4', 276, 1, 453),
(869, '29.85', 'https://www.simplygames.com/p/surviving-mars-xbox-one', 276, 1, 454),
(870, '21.99', 'https://www.argos.co.uk/product/8364834', 205, 3, 338),
(871, '21.99', 'https://www.argos.co.uk/product/8049661', 205, 3, 339),
(872, '44.85', 'https://www.simplygames.com/p/control-ps4', 277, 1, 455),
(873, '29.85', 'https://www.simplygames.com/p/afterglow-prismatic-xbox-one-wired-controller-xbox-one', 277, 1, 456),
(874, '19.85', 'https://www.simplygames.com/p/strange-brigade-ps4', 278, 1, 457),
(875, '16.99', 'https://www.argos.co.uk/product/8247669', 206, 3, 340),
(876, '19.85', 'https://www.simplygames.com/p/strange-brigade-xbox-one', 278, 1, 458),
(877, '16.99', 'https://www.argos.co.uk/product/8363330', 206, 3, 341),
(878, '44.85', 'https://www.simplygames.com/p/twin-mirror-ps4', 279, 1, 459),
(879, '44.85', 'https://www.simplygames.com/p/twin-mirror-xbox-one', 279, 1, 460),
(880, '27.85', 'https://www.simplygames.com/p/warhammer-40k-inquisitor-martyr-ps4', 280, 1, 461),
(881, '27.85', 'https://www.simplygames.com/p/warhammer-40k-inquisitor-martyr-xbox-one', 280, 1, 462),
(882, '44.85', 'https://www.simplygames.com/p/nioh-2-ps4', 281, 1, 463),
(883, '50.99', 'https://www.argos.co.uk/product/8067526', 209, 3, 345),
(884, '50.99', 'https://www.argos.co.uk/product/8067533', 209, 3, 346),
(885, '19.85', 'https://www.simplygames.com/p/nobunagas-ambition-taishi-ps4', 282, 1, 464),
(886, '46.73', 'https://www.onbuy.com/gb/ps4-games/sony-knack-2-includes-free-download-of-thats-you-ps4~c3157~p3918435/', 134, 4, 226),
(887, '27.85', 'https://www.simplygames.com/p/genesis-alpha-one-ps4', 283, 1, 465),
(888, '54.99', 'https://www.argos.co.uk/product/8629074', 210, 3, 347),
(889, '27.85', 'https://www.simplygames.com/p/genesis-alpha-one-xbox-one', 283, 1, 466),
(890, '54.99', 'https://www.argos.co.uk/product/8629098', 210, 3, 348),
(891, '39.85', 'https://www.simplygames.com/p/tour-de-france-2018-ps4', 284, 1, 467),
(892, '14.69', 'https://www.base.com/buy/product/driveclub-vr-ps4-psvr/dgc-drvcbps4vr.htm', 166, 5, 277),
(893, '9.85', 'https://www.simplygames.com/p/tour-de-france-2018-xbox-one', 284, 1, 468),
(894, '22.98', 'https://www.onbuy.com/gb/xbox-one-games/worms-wmd-standard-edition-video-game-xbox-one~c3161~p1877929/?condition=used', 135, 4, 469),
(895, '24.99', 'https://www.simplygames.com/p/little-dragons-cafe-ps4', 285, 1, 470),
(896, '29.85', 'https://www.simplygames.com/p/naruto-to-boruto-shinobi-striker-ps4', 286, 1, 471),
(897, '29.85', 'https://www.simplygames.com/p/naruto-to-boruto-shinobi-striker-xbox-one', 286, 1, 472),
(898, '24.85', 'https://www.simplygames.com/p/firewall-zero-hour--zero-hour-bonus-dlc-pack-playstation-vr-game-ps4', 287, 1, 473),
(899, '39.99', 'https://www.argos.co.uk/product/8240549', 213, 3, 353),
(900, '42.85', 'https://www.simplygames.com/p/my-hero-ones-justice-ps4', 288, 1, 474),
(901, '39.99', 'https://www.argos.co.uk/product/8243670', 213, 3, 354),
(902, '44.85', 'https://www.simplygames.com/p/my-hero-ones-justice-xbox-one', 288, 1, 475),
(903, '31.41', 'https://www.onbuy.com/gb/pc-games/ubisoft-sw-ps4-66901-far-cry-4~c3186~p7476631/', 137, 4, 229),
(904, '22.85', 'https://www.simplygames.com/p/legendary-fishing-ps4', 289, 1, 476),
(905, '14.85', 'https://www.simplygames.com/p/yakuza-0-hits-range-ps4', 290, 1, 477),
(906, '20.96', 'https://www.onbuy.com/gb/xbox-one-games/far-cry-primal-and-far-cry-4-xbox-one-game~c3161~p1877807/', 137, 4, 230),
(907, '13.85', 'https://www.simplygames.com/p/deadpool-ps4', 291, 1, 478),
(908, '16.85', 'https://www.simplygames.com/p/deadpool-xbox-one', 291, 1, 479),
(909, '14.85', 'https://www.simplygames.com/p/batman-arkham-knight-includes-harley-quinn-dlc-ps4', 292, 1, 480),
(910, '14.99', 'https://www.base.com/buy/product/gravity-rush-2-ps4/dgc-grvrs2ps4.htm', 171, 5, 285),
(911, '53.86', 'https://www.onbuy.com/gb/ps4-games/rugby-league-live-4-video-game-ps4~c3157~p1877853/', 138, 4, 231),
(912, '9.85', 'https://www.simplygames.com/p/thats-you-ps4', 293, 1, 481),
(913, '45.99', 'https://www.argos.co.uk/product/7347807', 217, 3, 361),
(914, '29.85', 'https://www.simplygames.com/p/aquanox-deep-descent-ps4', 295, 1, 482),
(915, '45.99', 'https://www.argos.co.uk/product/7347924', 217, 3, 362),
(916, '29.85', 'https://www.simplygames.com/p/aquanox-deep-descent-xbox-one', 295, 1, 483),
(917, '17.51', 'https://www.onbuy.com/gb/ps4-games/resident-evil-6-sony-playstation-4-ps4-game~c3157~p1258478/', 139, 4, 233),
(918, '9.99', 'https://www.simplygames.com/p/ea-sports-ufc-2-ps4', 296, 1, 484),
(919, '9.99', 'https://www.simplygames.com/p/ea-sports-ufc-2-xbox-one', 296, 1, 485),
(920, '14.21', 'https://www.onbuy.com/gb/xbox-one-games/resident-evil-6-microsoft-xbox-one-game~c3161~p1258481/', 139, 4, 234),
(921, '19.85', 'https://www.simplygames.com/p/call-of-duty-black-ops-iii-gold-edition-ps4', 297, 1, 486),
(922, '17.85', 'https://www.simplygames.com/p/call-of-duty-black-ops-iii-gold-edition-xbox-one', 297, 1, 487),
(923, '34.99', 'https://www.argos.co.uk/product/8688857', 219, 3, 364),
(924, '8.85', 'https://www.simplygames.com/p/call-of-duty-infinite-warfare-ps4', 298, 1, 488),
(925, '34.99', 'https://www.argos.co.uk/product/8688895', 219, 3, 365),
(926, '7.85', 'https://www.simplygames.com/p/call-of-duty-infinite-warfare-xbox-one', 298, 1, 489),
(927, '25.85', 'https://www.simplygames.com/p/the-witcher-3-wild-hunt--dark-souls-3-two-game-compilation-ps4', 299, 1, 490),
(928, '25.85', 'https://www.simplygames.com/p/the-witcher-3-wild-hunt--dark-souls-3-two-game-compilation-xbox-one', 299, 1, 491),
(929, '17.85', 'https://www.simplygames.com/p/ea-sports-pga-tour-ps4', 300, 1, 492),
(930, '13.85', 'https://www.simplygames.com/p/ea-sports-pga-tour-xbox-one', 300, 1, 493),
(931, '12.85', 'https://www.simplygames.com/p/blue-reflection-ps4', 301, 1, 494),
(932, '19.78', 'https://www.onbuy.com/gb/ps4-games/lego-star-wars-the-force-awakens-ps4-game-game~c3157~p1877722/?condition=used', 142, 4, 239),
(933, '15.85', 'https://www.simplygames.com/p/wrc-6-ps4', 302, 1, 495),
(934, '17.59', 'https://www.onbuy.com/gb/xbox-one-games/lego-star-wars-the-force-awakens-xbox-one-game~c3161~p1877964/', 142, 4, 240),
(935, '9.99', 'https://www.simplygames.com/p/uncharted-drakes-fortune-ps4', 303, 1, 496),
(936, '7.99', 'https://www.base.com/buy/product/hidden-agenda-ps4/dgc-hiagps4.htm', 177, 5, 292),
(937, '28.27', 'https://www.onbuy.com/gb/pc-games/the-last-of-us-remastered-ps4~c3186~p7486366/', 143, 4, 241),
(938, '14.85', 'https://www.simplygames.com/p/trackmania-turbo-ps4', 304, 1, 497),
(939, '14.85', 'https://www.simplygames.com/p/trackmania-turbo-xbox-one', 304, 1, 498),
(940, '23.99', 'https://www.argos.co.uk/product/5557163', 225, 3, 373),
(941, '23.99', 'https://www.argos.co.uk/product/5579718', 225, 3, 374),
(942, '16.85', 'https://www.simplygames.com/p/one-piece-pirate-warriors-3-ps4', 305, 1, 499),
(943, '27.86', 'https://www.onbuy.com/gb/ps4-games/cities-skylines-ps4-game~c3157~p6572163/', 144, 4, 242),
(944, '29.85', 'https://www.simplygames.com/p/gungrave-vr-loaded-coffin-vr-game-ps4', 306, 1, 500),
(945, '14.85', 'https://www.simplygames.com/p/this-is-the-police-2-ps4', 307, 1, 501),
(946, '14.85', 'https://www.simplygames.com/p/this-is-the-police-2-xbox-one', 307, 1, 502),
(947, '14.85', 'https://www.base.com/buy/product/street-fighter-v-arcade-edition-ps4/dgc-sfvaeps4.htm', 180, 5, 295),
(948, '16.85', 'https://www.simplygames.com/p/resident-evil-revelations-hd-remake-ps4', 309, 1, 503),
(949, '12.85', 'https://www.simplygames.com/p/resident-evil-revelations-hd-remake-xbox-one', 309, 1, 504),
(950, '15.99', 'https://www.base.com/buy/product/wwe-2k18-xbox-one/dgc-wwe18x1.htm', 181, 5, 297),
(951, '7.85', 'https://www.simplygames.com/p/88-heroes-ps4', 310, 1, 505),
(952, '20.05', 'https://www.onbuy.com/gb/xbox-one-games/lego-jurassic-world-xbox-one-game~c3161~p1877977/', 146, 4, 246),
(953, '12.85', 'https://www.simplygames.com/p/middle-earth-shadow-of-mordor-game-of-the-year-edition-ps4', 311, 1, 506),
(954, '9.85', 'https://www.simplygames.com/p/pure-pool-ps4', 312, 1, 507),
(955, '33.09', 'https://www.base.com/buy/product/overwatch-legendary-edition-ps4/dgc-owlegeps4.htm', 182, 5, 298),
(956, '43.19', 'https://www.base.com/buy/product/overwatch-legendary-edition-xbox-one/dgc-owlegex1.htm', 182, 5, 299),
(957, '49.99', 'https://www.argos.co.uk/product/6872892', 230, 3, 381),
(958, '15.85', 'https://www.simplygames.com/p/just-cause-3-gold-edition-ps4', 313, 1, 508),
(959, '15.85', 'https://www.simplygames.com/p/just-cause-3-gold-edition-xbox-one', 313, 1, 509),
(960, '12.85', 'https://www.simplygames.com/p/moonlighter-ps4', 314, 1, 510),
(961, '18.75', 'https://www.onbuy.com/gb/ps4-games/ps4-atari-flashback-classics-collection-vol-1~c3157~p1877743/', 148, 4, 248),
(962, '24.72', 'https://www.onbuy.com/gb/xbox-one-games/atari-flashback-classics-collection-vol1-xbox-one~c3161~p1875479/', 148, 4, 420),
(963, '34.85', 'https://www.simplygames.com/p/god-of-war-ps4', 315, 1, 511),
(964, '9.99', 'https://www.argos.co.uk/product/5726396', 233, 3, 384),
(965, '14.85', 'https://www.simplygames.com/p/god-of-war-3-iii-remastered-ps4', 316, 1, 512),
(966, '9.99', 'https://www.argos.co.uk/product/5726437', 233, 3, 385),
(967, '9.85', 'https://www.simplygames.com/p/warriors-all-stars-ps4', 317, 1, 513),
(968, '57.66', 'https://www.onbuy.com/gb/pc-games/428-shibuya-scramble-ps4~c3186~p7332540/', 150, 4, 250),
(969, '19.85', 'https://www.simplygames.com/p/motogp-17-ps4', 318, 1, 514),
(970, '44.99', 'https://www.base.com/buy/product/transference-xbox-one/dgc-transx1.htm', 186, 5, 306),
(971, '9.85', 'https://www.simplygames.com/p/motogp-17-xbox-one', 318, 1, 515),
(972, '12.85', 'https://www.simplygames.com/p/for-honor-ps4', 320, 1, 516),
(973, '26.32', 'https://www.onbuy.com/gb/ps4-games/rocket-league-collectors-edition-ps4~c3157~p3435687/', 151, 4, 251),
(974, '9.85', 'https://www.simplygames.com/p/for-honor-xbox-one', 320, 1, 517),
(975, '14.99', 'https://www.argos.co.uk/product/7099203', 236, 3, 390),
(976, '14.99', 'https://www.argos.co.uk/product/7367021', 236, 3, 391),
(977, '7.85', 'https://www.simplygames.com/p/the-elder-scrolls-online-ps4', 321, 1, 518),
(978, '49.99', 'https://www.base.com/buy/product/shenmue-3-ps4/dgc-shen3ps4.htm', 188, 5, 309),
(979, '13.85', 'https://www.simplygames.com/p/micro-machines-world-series-ps4', 322, 1, 519),
(980, '9.99', 'https://www.simplygames.com/p/micro-machines-world-series-xbox-one', 322, 1, 520),
(981, '20.99', 'https://www.onbuy.com/gb/ps4-games/street-fighter-v-ps4~c3157~p2178721/', 152, 4, 253),
(982, '19.85', 'https://www.simplygames.com/p/the-persistence-vr-compatible-game-ps4', 323, 1, 521),
(983, '9.85', 'https://www.simplygames.com/p/mirrors-edge-catalyst-ps4', 324, 1, 522),
(984, '6.85', 'https://www.simplygames.com/p/mirrors-edge-catalyst-xbox-one', 324, 1, 523),
(985, '20.99', 'https://www.onbuy.com/gb/ps4-games/professional-farmer-2017-gold-edition-ps4-game~c3157~p1877712/', 153, 4, 255),
(986, '14.99', 'https://www.argos.co.uk/product/6512578', 239, 3, 394),
(987, '19.85', 'https://www.simplygames.com/p/star-wars-battlefront-ii-ps4', 325, 1, 524),
(988, '18.95', 'https://www.onbuy.com/gb/xbox-one-games/professional-farmer-2017-gold-edition-xbox-one-game~c3161~p1877975/', 153, 4, 256),
(989, '32.85', 'https://www.base.com/buy/product/immortal-unchained-xbox-one/dgc-imunx1.htm', 190, 5, 313),
(990, '19.85', 'https://www.simplygames.com/p/star-wars-battlefront-ii-xbox-one', 325, 1, 525),
(991, '15.85', 'https://www.simplygames.com/p/super-stardust-ultra-playstation-vr-ps4', 326, 1, 526),
(992, '18.78', 'https://www.onbuy.com/gb/ps4-games/ghostbusters-2016-ps4~c3157~p3227816/', 154, 4, 257),
(993, '14.85', 'https://www.simplygames.com/p/little-big-planet-3-hits-range-ps4', 327, 1, 527),
(994, '19.97', 'https://www.onbuy.com/gb/xbox-one-games/ghostbusters-2016-xbox-one~c3161~p3455967/', 154, 4, 258),
(995, '14.85', 'https://www.simplygames.com/p/no-mans-sky-ps4', 328, 1, 528),
(996, '36.85', 'https://www.simplygames.com/p/no-mans-sky-xbox-one', 328, 1, 529),
(997, '16.85', 'https://www.base.com/buy/product/dynasty-warriors-9-ps4/dgc-dynw9ps4.htm', 192, 5, 316),
(998, '18.99', 'https://www.base.com/buy/product/dynasty-warriors-9-xbox-one/dgc-dynw9x1.htm', 192, 5, 317),
(999, '26.12', 'https://www.onbuy.com/gb/xbox-one-games/plants-vs-zombies-garden-warfare-2-xbox-one~c3161~p1878087/', 155, 4, 260),
(1000, '9.99', 'https://www.simplygames.com/p/destiny-2---includes-pre-order-early-beta-access--ps4', 329, 1, 530),
(1001, '9.99', 'https://www.simplygames.com/p/destiny-2---includes-pre-order-early-beta-access-xbox-one', 329, 1, 531),
(1002, '21.85', 'https://www.simplygames.com/p/the-binding-of-isaac-afterbirth-ps4', 330, 1, 532),
(1003, '14.99', 'https://www.base.com/buy/product/agony-xbox-one/dgc-agx1.htm', 193, 5, 319),
(1004, '14.99', 'https://www.simplygames.com/p/digimon-story-cybersleuth---hackers-memory-ps4', 331, 1, 533),
(1005, '9.99', 'https://www.simplygames.com/p/raid-world-war-ii-ps4', 332, 1, 534),
(1006, '44.85', 'https://www.simplygames.com/p/ghost-of-tsushima-ps4', 333, 1, 535),
(1007, '35.99', 'https://www.argos.co.uk/product/8043430', 245, 3, 403),
(1008, '44.85', 'https://www.simplygames.com/p/elder-scrolls-v-skyrim-playstation-vr-ps4', 335, 1, 536),
(1009, '21.85', 'https://www.simplygames.com/p/the-elder-scrolls-skyrim-special-edition-xbox-one', 335, 1, 537),
(1010, '14.99', 'https://www.simplygames.com/p/fifa-18-ps4', 336, 1, 538),
(1011, '14.99', 'https://www.base.com/buy/product/darkest-dungeon-ancestral-edition-ps4/dgc-ddaeps4.htm', 196, 5, 323),
(1012, '16.85', 'https://www.simplygames.com/p/fifa-18-xbox-one', 336, 1, 539),
(1013, '28.55', 'https://www.onbuy.com/gb/pc-games/dishonored-2-ps4~c3186~p7467142/', 159, 4, 264),
(1014, '14.85', 'https://www.simplygames.com/p/la-noire-ps4', 337, 1, 540),
(1015, '12.02', 'https://www.onbuy.com/gb/xbox-one-games/dishonored-2-xbox-one~c3161~p3456099/', 159, 4, 265),
(1016, '18.85', 'https://www.simplygames.com/p/la-noire-xbox-one', 337, 1, 541),
(1017, '7.85', 'https://www.simplygames.com/p/singstar-celebration-ps4', 338, 1, 542),
(1018, '27.99', 'https://www.argos.co.uk/product/3925230', 249, 3, 408),
(1019, '16.99', 'https://www.base.com/buy/product/life-is-strange-before-the-storm-limited-edition-ps4/dgc-lisbsps4.htm', 198, 5, 325),
(1020, '12.85', 'https://www.base.com/buy/product/life-is-strange-before-the-storm-limited-edition-xbox-one/dgc-lisbsx1.htm', 198, 5, 326),
(1021, '29.99', 'https://www.argos.co.uk/product/8656360', 251, 3, 411),
(1022, '29.99', 'https://www.argos.co.uk/product/8687683', 251, 3, 412),
(1023, '61.09', 'https://www.onbuy.com/gb/pc-games/strange-brigade-collectors-edition-ps4~c3186~p7338573/', 162, 4, 269),
(1024, '89.24', 'https://www.onbuy.com/gb/pc-games/strange-brigade-collectors-edition-xbox-one~c3186~p7338699/', 162, 4, 543),
(1025, '27.99', 'https://www.argos.co.uk/product/7476424', 253, 3, 415),
(1026, '27.99', 'https://www.argos.co.uk/product/8631811', 253, 3, 416),
(1027, '30.20', 'https://www.onbuy.com/gb/xbox-one-games/hitman-the-complete-first-season-xbox-one-game~c3161~p6457707/', 163, 4, 544),
(1028, '44.99', 'https://www.base.com/buy/product/cyberpunk-2077-ps4/dgc-cp2077ps4.htm', 202, 5, 332),
(1029, '44.99', 'https://www.base.com/buy/product/cyberpunk-2077-xbox-one/dgc-cp2077x1.htm', 202, 5, 333),
(1030, '24.64', 'https://www.onbuy.com/gb/ps4-games/marvel-vs-capcom-infinite-deluxe-edition-ps4~c3157~p3462162/', 164, 4, 271),
(1031, '64.99', 'https://www.base.com/buy/product/the-crew-2-gold-edition-ps4/dgc-c2geps4.htm', 203, 5, 334),
(1032, '19.85', 'https://www.base.com/buy/product/mxgp-pro-ps4/dgc-mxgppps4.htm', 204, 5, 336),
(1033, '20.85', 'https://www.base.com/buy/product/mxgp-pro-xbox-one/dgc-mxgppx1.htm', 204, 5, 337),
(1034, '19.19', 'https://www.base.com/buy/product/far-cry-3-classic-edition-ps4/dgc-farcy3ceps4.htm', 205, 5, 338),
(1035, '18.85', 'https://www.base.com/buy/product/far-cry-3-classic-edition-xbox-one/dgc-farcy3cex1.htm', 205, 5, 339),
(1036, '44.99', 'https://www.argos.co.uk/product/8362379', 259, 3, 426),
(1037, '20.05', 'https://www.onbuy.com/gb/ps4-games/the-order-1886-ps4~c3157~p1877663/', 165, 4, 276),
(1038, '29.99', 'https://www.argos.co.uk/product/8208945', 261, 3, 428),
(1039, '16.38', 'https://www.onbuy.com/gb/ps4-games/driveclub-ps4-standard-edition~c3157~p1877681/', 166, 4, 277),
(1040, '18.85', 'https://www.base.com/buy/product/super-bomberman-r-shiny-edition-ps4/dgc-sbmrps4.htm', 208, 5, 343),
(1041, '24.59', 'https://www.base.com/buy/product/super-bomberman-r-shiny-edition-xbox-one/dgc-sbmrx1.htm', 208, 5, 344),
(1042, '43.85', 'https://www.base.com/buy/product/tom-clancys-the-division-2-ps4/dgc-div2ps4.htm', 209, 5, 345),
(1043, '43.85', 'https://www.base.com/buy/product/tom-clancys-the-division-2-xbox-one/dgc-div2x1.htm', 209, 5, 346),
(1044, '25.99', 'https://www.argos.co.uk/product/7244766', 265, 3, 434),
(1045, '38.85', 'https://www.base.com/buy/product/wreckfest-ps4/dgc-wrkfstps4.htm', 210, 5, 347),
(1046, '38.85', 'https://www.base.com/buy/product/wreckfest-xbox-one/dgc-wrkfstx1.htm', 210, 5, 348),
(1047, '29.86', 'https://www.onbuy.com/gb/ps4-games/nba-2k18-ps4-game~c3157~p1877852/', 170, 4, 283),
(1048, '11.85', 'https://www.base.com/buy/product/tomb-raider-definitive-edition-ps4/dgc-trdeps4.htm', 211, 5, 349),
(1049, '24.99', 'https://www.onbuy.com/gb/xbox-one-games/nba-2k18-xbox-one-game~c3161~p1878069/', 170, 4, 284),
(1050, '14.69', 'https://www.base.com/buy/product/tomb-raider-definitive-edition-xbox-one/dgc-trdexone.htm', 211, 5, 350),
(1051, '19.85', 'https://www.base.com/buy/product/mxgp-pro-ps4/dgc-mxgppps4.htm', 212, 5, 351),
(1052, '16.23', 'https://www.onbuy.com/gb/ps4-games/gravity-rush-2-ps4~c3157~p3451781/?condition=used', 171, 4, 285),
(1053, '20.85', 'https://www.base.com/buy/product/mxgp-pro-xbox-one/dgc-mxgppx1.htm', 212, 5, 352),
(1054, '20.99', 'https://www.argos.co.uk/product/8039059', 269, 3, 440),
(1055, '20.99', 'https://www.argos.co.uk/product/8039080', 269, 3, 441),
(1056, '49.99', 'https://www.base.com/buy/product/devil-may-cry-5-ps4/dgc-dmc5ps4.htm', 213, 5, 353),
(1057, '49.99', 'https://www.base.com/buy/product/devil-may-cry-5-xbox-one/dgc-dmc5x1.htm', 213, 5, 354),
(1058, '14.49', 'https://www.argos.co.uk/product/6988731', 270, 3, 442),
(1059, '14.49', 'https://www.argos.co.uk/product/7069831', 270, 3, 443),
(1060, '14.69', 'https://www.base.com/buy/product/far-cry-primal-ps4/dgc-frcypmps4.htm', 215, 5, 357),
(1061, '22.99', 'https://www.base.com/buy/product/far-cry-primal-and-far-cry-4-xbox-one/dgc-frcrydblx1.htm', 215, 5, 358),
(1062, '32.99', 'https://www.argos.co.uk/product/8039358', 274, 3, 449),
(1063, '32.99', 'https://www.argos.co.uk/product/8039396', 274, 3, 450),
(1064, '42.85', 'https://www.base.com/buy/product/code-vein-ps4/dgc-codevps4.htm', 217, 5, 361),
(1065, '42.85', 'https://www.base.com/buy/product/code-vein-xbox-one/dgc-codevx1.htm', 217, 5, 362),
(1066, '15.99', 'https://www.argos.co.uk/product/8057945', 275, 3, 451),
(1067, '6.97', 'https://www.onbuy.com/gb/ps4-games/sony-hidden-agenda-ps4~c3157~p3580295/', 177, 4, 292),
(1068, '15.99', 'https://www.argos.co.uk/product/8054931', 275, 3, 452),
(1069, '33.69', 'https://www.base.com/buy/product/dragonball-xenoverse-2-deluxe-edition-ps4/dgc-dgbxen2deps4.htm', 218, 5, 363),
(1070, '31.89', 'https://www.onbuy.com/gb/ps4-games/gundam-versus-ps4-game~c3157~p1877797/', 178, 4, 293),
(1071, '49.99', 'https://www.argos.co.uk/product/6017808', 277, 3, 455),
(1072, '49.99', 'https://www.argos.co.uk/product/6259886', 277, 3, 456),
(1073, '16.99', 'https://www.argos.co.uk/product/8156389', 278, 3, 457),
(1074, '16.99', 'https://www.argos.co.uk/product/8159551', 278, 3, 458),
(1075, '54.99', 'https://www.argos.co.uk/product/8359825', 279, 3, 459),
(1076, '54.99', 'https://www.argos.co.uk/product/8359863', 279, 3, 460),
(1077, '29.86', 'https://www.onbuy.com/gb/ps4-games/wwe-2k18-ps4~c3157~p3580311/', 181, 4, 296),
(1078, '28.96', 'https://www.onbuy.com/gb/xbox-one-games/wwe-2k18-xbox-one~c3161~p3580302/', 181, 4, 297),
(1079, '59.99', 'https://www.argos.co.uk/product/8542773', 281, 3, 463),
(1080, '14.85', 'https://www.base.com/buy/product/mortal-kombat-xl-ps4/dgc-mkxlps4.htm', 225, 5, 373),
(1081, '21.85', 'https://www.base.com/buy/product/mortal-kombat-xl-xbox-one/dgc-mkxlx1.htm', 225, 5, 374),
(1082, '53.11', 'https://www.onbuy.com/gb/ps4-games/overwatch-game-of-the-year-edition-ps4~c3157~p2187092/', 182, 4, 298),
(1083, '30.99', 'https://www.argos.co.uk/product/8628831', 283, 3, 465),
(1084, '11.85', 'https://www.base.com/buy/product/resident-evil-revelations-2-ps4/dgc-resier2ps4.htm', 226, 5, 375),
(1085, '10.85', 'https://www.base.com/buy/product/resident-evil-revelations-2-xbox-one/dgc-resier2x1.htm', 226, 5, 376),
(1086, '30.99', 'https://www.argos.co.uk/product/8628855', 283, 3, 466),
(1087, '9.97', 'https://www.onbuy.com/gb/ps4-games/rugby-18-ps4~c3157~p4917917/', 184, 4, 302),
(1088, '39.99', 'https://www.argos.co.uk/product/8371047', 285, 3, 470),
(1089, '9.29', 'https://www.base.com/buy/product/naruto-shippuden-ultimate-ninja-storm-4-xbox-one/dgc-nsns4x1.htm', 229, 5, 380),
(1090, '51.65', 'https://www.onbuy.com/gb/pc-games/assetto-corsa-ultimate-edition-playstation-ps4~c3186~p7620961/', 187, 4, 307),
(1091, '31.73', 'https://www.onbuy.com/gb/pc-games/assetto-corsa-ultimate-edition-xbox-one~c3186~p6604040/', 187, 4, 308),
(1092, '20.99', 'https://www.argos.co.uk/product/8668561', 289, 3, 476),
(1093, '31.85', 'https://www.base.com/buy/product/fire-pro-wrestling-world-ps4/dgc-frpwrstwps4.htm', 232, 5, 383),
(1094, '9.29', 'https://www.base.com/buy/product/agents-of-mayhem-day-1-edition-ps4/dgc-agemps4.htm', 233, 5, 384),
(1095, '7.69', 'https://www.base.com/buy/product/agents-of-mayhem-steelbook-edition-xbox-one/dgc-aomsex1.htm', 233, 5, 385),
(1096, '12.99', 'https://www.argos.co.uk/product/8529899', 292, 3, 480),
(1097, '19.99', 'https://www.base.com/buy/product/nhl-18-xbox-one/dgc-nhl18x1.htm', 235, 5, 389),
(1098, '23.32', 'https://www.onbuy.com/gb/ps4-games/dynasty-warriors-9-ps4~c3157~p3902124/', 192, 4, 316),
(1099, '22.34', 'https://www.onbuy.com/gb/pc-games/agony-ps4~c3186~p6604068/', 193, 4, 318),
(1100, '34.99', 'https://www.argos.co.uk/product/8636799', 295, 3, 482),
(1101, '34.99', 'https://www.argos.co.uk/product/8639277', 295, 3, 483),
(1102, '12.85', 'https://www.base.com/buy/product/resident-evil-7-biohazard-ps4-psvr/dgc-resevil7ps4.htm', 239, 5, 394),
(1103, '18.09', 'https://www.base.com/buy/product/resident-evil-7-biohazard-xbox-one/dgc-resevil7xbox.htm', 239, 5, 395),
(1104, '31.02', 'https://www.onbuy.com/gb/pc-games/life-is-strange-before-the-storm-limited-edition-ps4~c3186~p6602461/', 198, 4, 325),
(1105, '17.99', 'https://www.onbuy.com/gb/xbox-one-games/life-is-strange-before-the-storm-limited-edition-xbox-one~c3161~p4933680/', 198, 4, 326),
(1106, '16.49', 'https://www.argos.co.uk/product/6063931', 302, 3, 495),
(1107, '26.99', 'https://www.argos.co.uk/product/8639710', 307, 3, 501),
(1108, '26.99', 'https://www.argos.co.uk/product/8634722', 307, 3, 502),
(1109, '100.70', 'https://www.onbuy.com/gb/pc-games/the-crew-2-gold-edition-ps4~c3186~p7341291/', 203, 4, 334),
(1110, '19.99', 'https://www.argos.co.uk/product/8261607', 310, 3, 505),
(1111, '17.39', 'https://www.base.com/buy/product/the-last-guardian-ps4/dgc-lstgrdps4.htm', 249, 5, 408),
(1112, '23.94', 'https://www.onbuy.com/gb/pc-games/far-cry-3-classic-edition-ps4~c3186~p6602745/', 205, 4, 338),
(1113, '33.49', 'https://www.onbuy.com/gb/pc-games/far-cry-3-classic-edition-xbox-one~c3186~p7337189/', 205, 4, 339),
(1114, '15.99', 'https://www.argos.co.uk/product/8588603', 313, 3, 508),
(1115, '15.99', 'https://www.argos.co.uk/product/8642343', 313, 3, 509),
(1116, '19.99', 'https://www.argos.co.uk/product/8791294', 314, 3, 510),
(1117, '21.02', 'https://www.onbuy.com/gb/ps4-games/overcooked-2-ps4~c3157~p5760965/', 206, 4, 340),
(1118, '47.99', 'https://www.argos.co.uk/product/8268497', 315, 3, 511),
(1119, '23.09', 'https://www.base.com/buy/product/the-seven-deadly-sins-knights-of-britannia-ps4/dgc-7dskbps4.htm', 254, 5, 417),
(1120, '17.99', 'https://www.argos.co.uk/product/7019908', 318, 3, 514),
(1121, '17.99', 'https://www.argos.co.uk/product/7019915', 318, 3, 515),
(1122, '21.49', 'https://www.base.com/buy/product/demon-gaze-ii-ps4/dgc-gg2ps4.htm', 256, 5, 421),
(1123, '22.85', 'https://www.base.com/buy/product/resident-evil-7-gold-edition-ps4/dgc-re7geps4.htm', 258, 5, 424),
(1124, '26.99', 'https://www.base.com/buy/product/resident-evil-7-gold-edition-xbox-one/dgc-re7gex1.htm', 258, 5, 425),
(1125, '18.38', 'https://www.onbuy.com/gb/ps4-games/tomb-raider-definitive-edition-ps4~c3157~p2187089/', 211, 4, 349),
(1126, '39.53', 'https://www.onbuy.com/gb/pc-games/tomb-raider-definitive-edition-microsoft-xbox-one~c3186~p6868240/', 211, 4, 350),
(1127, '12.99', 'https://www.argos.co.uk/product/6982713', 322, 3, 519),
(1128, '41.85', 'https://www.base.com/buy/product/left-alive-ps4/dgc-leftaps4.htm', 259, 5, 426),
(1129, '12.99', 'https://www.argos.co.uk/product/6982328', 322, 3, 520),
(1130, '17.19', 'https://www.onbuy.com/gb/ps4-games/mxgp-motocross-gp-ps4~c3157~p1877742/', 212, 4, 351),
(1131, '38.99', 'https://www.argos.co.uk/product/7254598', 325, 3, 524),
(1132, '38.99', 'https://www.argos.co.uk/product/7238662', 325, 3, 525),
(1133, '17.00', 'https://www.onbuy.com/gb/ps4-games/far-cry-primal-ps4~c3157~p2278331/', 215, 4, 357),
(1134, '17.00', 'https://www.onbuy.com/gb/xbox-one-games/far-cry-primal-xbox-one-game~c3161~p1877942/', 215, 4, 358),
(1135, '32.99', 'https://www.argos.co.uk/product/8058597', 328, 3, 529),
(1136, '49.99', 'https://www.argos.co.uk/product/8356457', 329, 3, 530),
(1137, '49.99', 'https://www.argos.co.uk/product/8354978', 329, 3, 531),
(1138, '22.19', 'https://www.base.com/buy/product/arizona-sunshine-ps4/dgc-asunps4.htm', 266, 5, 435),
(1139, '9.99', 'https://www.base.com/buy/product/metal-gear-survive-ps4/dgc-mgsps4.htm', 267, 5, 436),
(1140, '11.99', 'https://www.base.com/buy/product/metal-gear-survive-xbox-one/dgc-mgsx1.htm', 267, 5, 437),
(1141, '33.85', 'https://www.base.com/buy/product/soul-calibur-vi-ps4/dgc-scvips4.htm', 268, 5, 438),
(1142, '33.85', 'https://www.base.com/buy/product/soul-calibur-vi-xbox-one/dgc-scvix1.htm', 268, 5, 439),
(1143, '54.99', 'https://www.argos.co.uk/product/8267041', 333, 3, 535),
(1144, '15.99', 'https://www.base.com/buy/product/burnout-paradise-remastered-hd-ps4/dgc-burnpps4.htm', 269, 5, 440),
(1145, '12.99', 'https://www.base.com/buy/product/burnout-paradise-remastered-hd-xbox-one/dgc-burnpx1.htm', 269, 5, 441),
(1146, '24.37', 'https://www.onbuy.com/gb/pc-games/littlebigplanet-3-ps4-playstation-hits-ps4~c3186~p7335320/', 222, 4, 369),
(1147, '38.99', 'https://www.argos.co.uk/product/7097690', 336, 3, 538),
(1148, '38.99', 'https://www.argos.co.uk/product/7235830', 336, 3, 539),
(1149, '13.85', 'https://www.base.com/buy/product/railway-empire-ps4/dgc-railps4.htm', 271, 5, 444),
(1150, '14.99', 'https://www.base.com/buy/product/railway-empire-xbox-one/dgc-railx1.htm', 271, 5, 445),
(1151, '12.99', 'https://www.argos.co.uk/product/7526422', 337, 3, 540),
(1152, '12.99', 'https://www.argos.co.uk/product/7596823', 337, 3, 541),
(1153, '15.99', 'https://www.onbuy.com/gb/ps4-games/dungeons-iii-video-game-ps4~c3157~p1877834/?condition=used', 223, 4, 370),
(1154, '28.96', 'https://www.onbuy.com/gb/xbox-one-games/dungeons-iii-video-game-xbox-one~c3161~p1878049/', 223, 4, 545),
(1155, '25.89', 'https://www.base.com/buy/product/final-fantasy-xv-royal-edition-ps4/dgc-ffxvreps4.htm', 274, 5, 449),
(1156, '11.85', 'https://www.base.com/buy/product/scribblenauts-showdown-ps4/dgc-scribps4.htm', 275, 5, 451),
(1157, '21.15', 'https://www.onbuy.com/gb/ps4-games/mortal-kombat-xl-ps4-game~c3157~p1877716/', 225, 4, 373),
(1158, '12.99', 'https://www.base.com/buy/product/scribblenauts-showdown-xbox-one/dgc-scribx1.htm', 275, 5, 452),
(1159, '22.61', 'https://www.onbuy.com/gb/xbox-one-games/mortal-kombat-xl-xbox-one-game~c3161~p1877974/', 225, 4, 374),
(1160, '11.99', 'https://www.base.com/buy/product/surviving-mars-ps4/dgc-smarsps4.htm', 276, 5, 453),
(1161, '12.95', 'https://www.base.com/buy/product/surviving-mars-xbox-one/dgc-smarsx1.htm', 276, 5, 454),
(1162, '18.22', 'https://www.onbuy.com/gb/xbox-one-games/resident-evil-revelations-2-xbox-one-game~c3161~p1877956/', 226, 4, 376),
(1163, '46.85', 'https://www.base.com/buy/product/playstation-fc-dualshock-4-controller-ps4/dgc-fcdcps4.htm', 277, 5, 455),
(1164, '48.85', 'https://www.base.com/buy/product/hyperkin-duke-controller-xbox-one/dgc-hypdcx1.htm', 277, 5, 456),
(1165, '27.29', 'https://www.base.com/buy/product/strange-brigade-ps4/dgc-sbrigps4.htm', 278, 5, 457),
(1166, '32.85', 'https://www.base.com/buy/product/warhammer-40k-inquisitor-martyr-ps4/dgc-w40imps4.htm', 280, 5, 461),
(1167, '31.19', 'https://www.base.com/buy/product/warhammer-40k-inquisitor-martyr-xbox-one/dgc-w40imx1.htm', 280, 5, 462),
(1168, '49.99', 'https://www.base.com/buy/product/nioh-2-ps4/dgc-nioh2ps4.htm', 281, 5, 463),
(1169, '15.85', 'https://www.base.com/buy/product/nobunagas-ambition-taishi-ps4/dgc-natps4.htm', 282, 5, 464),
(1170, '16.99', 'https://www.onbuy.com/gb/pc-games/deep-silver-agents-of-mayhem-day-one-edition-ps4-usk-16~c3186~p7421414/', 233, 4, 384),
(1171, '27.29', 'https://www.base.com/buy/product/tour-de-france-2018-ps4/dgc-tdf18ps4.htm', 284, 5, 467),
(1172, '26.99', 'https://www.base.com/buy/product/tour-de-france-2018-xbox-one/dgc-tdf18x1.htm', 284, 5, 468),
(1173, '23.85', 'https://www.base.com/buy/product/little-dragons-cafe-ps4/dgc-ltdrgcps4.htm', 285, 5, 470),
(1174, '64.43', 'https://www.onbuy.com/gb/ps4-games/nhl-18-ps4~c3157~p3227982/', 235, 4, 388),
(1175, '22.34', 'https://www.onbuy.com/gb/xbox-one-games/nhl-18-xbox-one~c3161~p4762003/', 235, 4, 389),
(1176, '23.39', 'https://www.base.com/buy/product/legendary-fishing-ps4/dgc-legfishps4.htm', 289, 5, 476),
(1177, '18.38', 'https://www.onbuy.com/gb/ps4-games/resident-evil-7-biohazard-ps4-special-lenticular-sleeve~c3157~p2078028/', 239, 4, 394),
(1178, '11.85', 'https://www.base.com/buy/product/playstation-hits-batman-arkham-knight-ps4/dgc-batpshitps4.htm', 292, 5, 480),
(1179, '40.12', 'https://www.onbuy.com/gb/pc-games/resident-evil-7-xbox-one~c3186~p7419992/', 239, 4, 395),
(1180, '59.22', 'https://www.onbuy.com/gb/ps4-games/the-sims-4-deluxe-party-edition-ps4~c3157~p3992959/', 240, 4, 396),
(1181, '28.85', 'https://www.base.com/buy/product/aquanox-deep-descent-ps4/dgc-aquddps4.htm', 295, 5, 482),
(1182, '28.85', 'https://www.base.com/buy/product/aquanox-deep-descent-xbox-one/dgc-aquddx1.htm', 295, 5, 483),
(1183, '11.99', 'https://www.base.com/buy/product/ea-sports-ufc-2-ps4/dgc-eaufc2ps4.htm', 296, 5, 484),
(1184, '17.99', 'https://www.base.com/buy/product/the-witcher-3-wild-hunt-game-of-the-year-edition-ps4/dgc-w3gotyps4.htm', 299, 5, 490),
(1185, '23.85', 'https://www.base.com/buy/product/dark-souls-iii-and-the-witcher-3-wild-hunt-compilation-xbox-one/dgc-ds3wtchx1.htm', 299, 5, 491),
(1186, '29.25', 'https://www.onbuy.com/gb/ps4-games/the-crew-ultimate-edition-ps4~c3157~p3851872/', 246, 4, 404),
(1187, '22.99', 'https://www.onbuy.com/gb/xbox-one-games/the-crew-ultimate-edition-greatest-hits-xbox-one-game~c3161~p1878066/', 246, 4, 405),
(1188, '15.85', 'https://www.base.com/buy/product/blue-reflection-ps4/dgc-bluerps4.htm', 301, 5, 494),
(1189, '12.99', 'https://www.base.com/buy/product/wrc-6-ps4/dgc-wrc6ps4.htm', 302, 5, 495),
(1190, '51.21', 'https://www.onbuy.com/gb/pc-games/sony-the-last-guardian-ps4-usk-12~c3186~p7467175/', 249, 4, 408),
(1191, '23.09', 'https://www.base.com/buy/product/this-is-the-police-2-ps4/dgc-tip2ps4.htm', 307, 5, 501),
(1192, '23.09', 'https://www.base.com/buy/product/this-is-the-police-2-xbox-one/dgc-tip2x1.htm', 307, 5, 502),
(1193, '10.14', 'https://www.onbuy.com/gb/classic-fiction/madden-nfl-18-die-komplette-spielsteuerung-gross-auf-einen-blick-fur-ps4~c2858~p7267602/', 250, 4, 409),
(1194, '27.71', 'https://www.onbuy.com/gb/xbox-games/mecca-electronic-arts-37003ea-madden-nfl-18-xbox-one~c9695~p6929135/', 250, 4, 410),
(1195, '17.29', 'https://www.base.com/buy/product/88-heroes-ps4/dgc-88herps4.htm', 310, 5, 505),
(1196, '12.49', 'https://www.base.com/buy/product/pure-pool-ps4/dgc-purplsps4.htm', 312, 5, 507),
(1197, '12.99', 'https://www.base.com/buy/product/just-cause-3-gold-edition-ps4/dgc-jcgeps4.htm', 313, 5, 508),
(1198, '14.85', 'https://www.base.com/buy/product/moonlighter-ps4/dgc-moonlps4.htm', 314, 5, 510),
(1199, '30.77', 'https://www.onbuy.com/gb/pc-games/demon-gaze-ii-ps4~c3186~p7356169/', 256, 4, 421),
(1200, '37.49', 'https://www.base.com/buy/product/god-of-war-ps4/dgc-godofwar4.htm', 315, 5, 511),
(1201, '8.85', 'https://www.base.com/buy/product/warriors-all-stars-ps4/dgc-wallsps4.htm', 317, 5, 513),
(1202, '16.85', 'https://www.base.com/buy/product/motogp-17-ps4/dgc-mogp17ps4.htm', 318, 5, 514),
(1203, '5.48', 'https://www.base.com/buy/product/the-elder-scrolls-online-tamriel-unlimited-ps4/dgc-esops4.htm', 321, 5, 518),
(1204, '29.99', 'https://www.onbuy.com/gb/pc-games/one-piece-unlimited-world-red-deluxe-edition-ps4~c3186~p7353607/?condition=used', 264, 4, 433),
(1205, '9.59', 'https://www.base.com/buy/product/mirrors-edge-catalyst-ps4/dgc-mire2ps4.htm', 324, 5, 522),
(1206, '17.99', 'https://www.base.com/buy/product/star-wars-battlefront-2-ps4/dgc-stwrbf2ps4.htm', 325, 5, 524),
(1207, '39.69', 'https://www.base.com/buy/product/star-wars-battlefront-2-xbox-one/dgc-stwrbf2x1.htm', 325, 5, 525),
(1208, '7.99', 'https://www.base.com/buy/product/destiny-2-ps4/dgc-d2ps4.htm', 329, 5, 530),
(1209, '8.99', 'https://www.base.com/buy/product/destiny-2-xbox-one/dgc-d2x1.htm', 329, 5, 531),
(1210, '12.02', 'https://www.onbuy.com/gb/ps4-games/metal-gear-survive-ps4~c3157~p3992952/', 267, 4, 436),
(1211, '12.79', 'https://www.base.com/buy/product/raid-world-war-ii-ps4/dgc-raidps4.htm', 332, 5, 534),
(1212, '46.86', 'https://www.onbuy.com/gb/ps4-games/soul-calibur-vi-6-ps4-game~c3157~p6620600/', 268, 4, 438),
(1213, '26.86', 'https://www.onbuy.com/gb/ps4-games/burnout-paradise-remastered-ps4~c3157~p4778426/', 269, 4, 440),
(1214, '21.87', 'https://www.onbuy.com/gb/xbox-one-games/burnout-paradise-remastered-xbox-one~c3161~p4778421/', 269, 4, 441),
(1215, '15.99', 'https://www.base.com/buy/product/hack-g-u-last-recode-ps4/dgc-hackps4.htm', 334, 5, 546),
(1216, '25.96', 'https://www.onbuy.com/gb/ps4-games/dirt-4-ps4-game~c3157~p1877744/', 270, 4, 442),
(1217, '18.85', 'https://www.base.com/buy/product/the-elder-scrolls-v-skyrim-special-edition-ps4/dgc-skyps4.htm', 335, 5, 536),
(1218, '17.85', 'https://www.base.com/buy/product/the-elder-scrolls-v-skyrim-special-edition-xbox-one/dgc-skypx1.htm', 335, 5, 537),
(1219, '40.70', 'https://www.onbuy.com/gb/pc-games/railway-empire-playstation-ps4~c3186~p7352056/', 271, 4, 444),
(1220, '16.41', 'https://www.onbuy.com/gb/ps4-games/putty-squad-ps4~c3157~p3451726/', 272, 4, 446),
(1221, '39.79', 'https://www.onbuy.com/gb/pc-games/final-fantasy-xv-royal-edition-playstation-ps4~c3186~p7346404/', 274, 4, 449),
(1222, '3.49', 'https://www.onbuy.com/gb/ps4-accessories/zedlabz-blue-sg-1-silicone-sony-ps4-controller-cover-blue-ps4-controller-grip~c3159~p2577495/', 277, 4, 455),
(1223, '62.97', 'https://www.onbuy.com/gb/xbox-one-accessories/black-wireless-xbox-one-controller~c3163~p1874815/', 277, 4, 456),
(1224, '65.45', 'https://www.onbuy.com/gb/pc-games/strange-brigade-playstation-ps4~c3186~p7620354/', 278, 4, 457),
(1225, '65.57', 'https://www.onbuy.com/gb/pc-games/strange-brigade-xbox-one~c3186~p7339737/', 278, 4, 458),
(1226, '41.32', 'https://www.onbuy.com/gb/pc-games/warhammer-40k-inquisitor-martyr-ps4~c3186~p7340250/', 280, 4, 461),
(1227, '68.24', 'https://www.onbuy.com/gb/pc-games/little-dragons-cafe-playstation-ps4~c3186~p7334841/', 285, 4, 470),
(1228, '150.93', 'https://www.onbuy.com/gb/pc-games/naruto-to-boruto-shinobi-striker-collectors-edition-ps4~c3186~p7336527/', 286, 4, 471),
(1229, '68.57', 'https://www.onbuy.com/gb/pc-games/ea-sports-ufc-2-usk-ab-18-jahre-ps4~c3186~p7456889/', 296, 4, 484),
(1230, '75.07', 'https://www.onbuy.com/gb/xbox-one-games/ea-sports-ufc-2-deluxe-edition-xbox-one~c3161~p4770655/', 296, 4, 485),
(1231, '9.80', 'https://www.onbuy.com/gb/ps4-games/call-of-duty-infinite-warfare-ps4-game~c3157~p1877770/', 298, 4, 488),
(1232, '7.99', 'https://www.onbuy.com/gb/xbox-one-games/call-of-duty-infinite-warfare-xbox-one~c3161~p4133954/', 298, 4, 489),
(1233, '31.11', 'https://www.onbuy.com/gb/xbox-one-games/the-witcher-3-wild-hunt-game-of-the-year-edition-xbox-one~c3161~p1878060/', 299, 4, 491),
(1234, '17.43', 'https://www.onbuy.com/gb/ps4-games/wrc-6-ps4-game~c3157~p1877772/', 302, 4, 495),
(1235, '21.87', 'https://www.onbuy.com/gb/xbox-one-games/wrc-6-xbox-one-game~c3161~p1878024/', 302, 4, 547),
(1236, '19.99', 'https://www.onbuy.com/gb/ps4-games/trackmania-turbo-ps4~c3157~p3451887/?condition=used', 304, 4, 497),
(1237, '21.87', 'https://www.onbuy.com/gb/ps4-games/one-piece-pirate-warriors-3-ps4~c3157~p1877793/', 305, 4, 499),
(1238, '36.10', 'https://www.onbuy.com/gb/pc-games/this-is-the-police-2-ps4~c3186~p7344922/', 307, 4, 501),
(1239, '115.05', 'https://www.onbuy.com/gb/accessories/lucidsound-ls30-wireless-gaming-headset-black-ps4xbox-onexboxps3~c11372~p7457313/', 308, 4, 548),
(1240, '115.05', 'https://www.onbuy.com/gb/accessories/lucidsound-ls30-wireless-gaming-headset-black-ps4xbox-onexboxps3~c11372~p7457313/', 308, 4, 549),
(1241, '18.78', 'https://www.onbuy.com/gb/ps4-games/resident-evil-revelations-hd-remake-ps4~c3157~p2178773/', 309, 4, 503),
(1242, '21.57', 'https://www.onbuy.com/gb/ps4-games/88-heroes-video-game-ps4~c3157~p1877870/', 310, 4, 505),
(1243, '15.36', 'https://www.onbuy.com/gb/ps4-games/pure-pool-ps4~c3157~p3451725/', 312, 4, 507),
(1244, '21.57', 'https://www.onbuy.com/gb/ps4-games/just-cause-3-gold-edition-ps4~c3157~p5926007/', 313, 4, 508),
(1245, '54.86', 'https://www.onbuy.com/gb/ps4-games/god-of-war-ps4~c3157~p4778438/', 315, 4, 511),
(1246, '54.32', 'https://www.onbuy.com/gb/pc-games/warriors-all-stars-playstation-ps4~c3186~p7191638/', 317, 4, 513),
(1247, '20.65', 'https://www.onbuy.com/gb/ps4-games/motogp-17-ps4-game~c3157~p1877753/', 318, 4, 514),
(1248, '67.95', 'https://www.onbuy.com/gb/xbox-one-games/motogp-17-xbox-one-game~c3161~p1878011/', 318, 4, 515),
(1249, '17.00', 'https://www.onbuy.com/gb/xbox-one-games/for-honor-xbox-one~c3161~p3455953/', 320, 4, 517),
(1250, '42.69', 'https://www.onbuy.com/gb/pc-games/micro-machines-world-series-playstation-ps4~c3186~p7203190/', 322, 4, 519),
(1251, '29.71', 'https://www.onbuy.com/gb/pc-games/micro-machines-world-series-xbox-one~c3186~p7203227/', 322, 4, 520),
(1252, '17.03', 'https://www.onbuy.com/gb/ps4-games/star-wars-battlefront-sony-playstation-ps4-game~c3157~p1258493/', 325, 4, 524),
(1253, '86.51', 'https://www.onbuy.com/gb/xbox-one-games/star-wars-battlefront-2-the-last-jedi-heroes-video-game-deluxe-edition-xbox-one~c3161~p1878080/', 325, 4, 525),
(1254, '13.97', 'https://www.onbuy.com/gb/ps4-games/super-stardust-ultra-vr-ps4-game~c3157~p1877661/', 326, 4, 526),
(1255, '35.46', 'https://www.onbuy.com/gb/ps4-games/no-mans-sky-ps4~c3157~p3451678/', 328, 4, 528),
(1256, '11.29', 'https://www.onbuy.com/gb/pc-games/destiny-2-playstation-ps4~c3186~p7202623/', 329, 4, 530),
(1257, '67.30', 'https://www.onbuy.com/gb/pc-games/destiny-2-xbox-one~c3186~p7202409/', 329, 4, 531),
(1258, '17.70', 'https://www.onbuy.com/gb/ps4-games/raid-world-war-ii-ps4~c3157~p2175174/', 332, 4, 534),
(1259, '17.70', 'https://www.onbuy.com/gb/xbox-one-games/raid-world-war-ii-xbox-one~c3161~p2175173/', 332, 4, 550),
(1260, '24.99', 'https://www.onbuy.com/gb/ps4-games/fifa-18-ps4~c3157~p2381955/', 336, 4, 538),
(1261, '64.43', 'https://www.onbuy.com/gb/xbox-360-games/fifa-18-xbox-one~c3169~p3945933/', 336, 4, 539),
(1262, '26.83', 'https://www.onbuy.com/gb/ps4-games/la-noire-ps4-ps4~c3157~p6449611/', 337, 4, 540),
(1263, '12.80', 'https://www.onbuy.com/gb/ps4-games/sony-singstar-celebration-ps4~c3157~p4485599/', 338, 4, 542);

--
-- Indexes for dumped tables
--

--
-- Indexes for table `format`
--
ALTER TABLE `format`
  ADD PRIMARY KEY (`id`);

--
-- Indexes for table `product`
--
ALTER TABLE `product`
  ADD PRIMARY KEY (`id`);

--
-- Indexes for table `productimage`
--
ALTER TABLE `productimage`
  ADD PRIMARY KEY (`id`),
  ADD KEY `FK_productimage_product` (`product_id`),
  ADD KEY `FK_productimage_format` (`format_id`);

--
-- Indexes for table `retailer`
--
ALTER TABLE `retailer`
  ADD PRIMARY KEY (`id`);

--
-- Indexes for table `retailerprice`
--
ALTER TABLE `retailerprice`
  ADD PRIMARY KEY (`id`),
  ADD KEY `product_id` (`product_id`),
  ADD KEY `retialer_id` (`retailer_id`),
  ADD KEY `productimage_id` (`productimage_id`);

--
-- AUTO_INCREMENT for dumped tables
--

--
-- AUTO_INCREMENT for table `format`
--
ALTER TABLE `format`
  MODIFY `id` int(11) NOT NULL AUTO_INCREMENT, AUTO_INCREMENT=3;

--
-- AUTO_INCREMENT for table `product`
--
ALTER TABLE `product`
  MODIFY `id` int(11) NOT NULL AUTO_INCREMENT, AUTO_INCREMENT=339;

--
-- AUTO_INCREMENT for table `productimage`
--
ALTER TABLE `productimage`
  MODIFY `id` int(11) NOT NULL AUTO_INCREMENT, AUTO_INCREMENT=551;

--
-- AUTO_INCREMENT for table `retailer`
--
ALTER TABLE `retailer`
  MODIFY `id` int(11) NOT NULL AUTO_INCREMENT, AUTO_INCREMENT=6;

--
-- AUTO_INCREMENT for table `retailerprice`
--
ALTER TABLE `retailerprice`
  MODIFY `id` int(11) NOT NULL AUTO_INCREMENT, AUTO_INCREMENT=1264;

--
-- Constraints for dumped tables
--

--
-- Constraints for table `productimage`
--
ALTER TABLE `productimage`
  ADD CONSTRAINT `FK_productimage_format` FOREIGN KEY (`format_id`) REFERENCES `format` (`id`),
  ADD CONSTRAINT `FK_productimage_product` FOREIGN KEY (`product_id`) REFERENCES `product` (`id`);

--
-- Constraints for table `retailerprice`
--
ALTER TABLE `retailerprice`
  ADD CONSTRAINT `FK_retailerprice_product` FOREIGN KEY (`product_id`) REFERENCES `product` (`id`),
  ADD CONSTRAINT `FK_retailerprice_productimage` FOREIGN KEY (`productimage_id`) REFERENCES `productimage` (`id`),
  ADD CONSTRAINT `FK_retailerprice_retailer` FOREIGN KEY (`retailer_id`) REFERENCES `retailer` (`id`);
COMMIT;

/*!40101 SET CHARACTER_SET_CLIENT=@OLD_CHARACTER_SET_CLIENT */;
/*!40101 SET CHARACTER_SET_RESULTS=@OLD_CHARACTER_SET_RESULTS */;
/*!40101 SET COLLATION_CONNECTION=@OLD_COLLATION_CONNECTION */;
